,HPREC-Batch1,HPREC-Batch2,HPREC-Batch3,HPREC-Batch4,LNCAP-Batch3,LNCAP-Batch5,LNCAP-Batch6
chr1:629501-629569,52,84,27,124,250,58,168
chr1:629571-629621,17,26,49,37,13,18,38
chr1:630374-630394,1,0,2,0,27,10,15
chr1:630935-630951,1,2,2,1,0.611714285604836,4,6
chr1:2657550-2657582,14,34,17,14,44,9,37
chr1:2659637-2659678,19,30,14,30,80,18,51
chr1:2664253-2664294,19,30,14,30,80,18,51
chr1:2668869-2668910,19,30,14,30,80,18,51
chr1:2671960-2671992,14,34,17,14,44,9,37
chr1:2674047-2674088,19,30,14,30,80,18,51
chr1:2676616-2676648,14,34,17,14,44,9,37
chr1:2680350-2680382,14,34,17,14,44,9,37
chr1:6644678-6644695,0.724687210738378,0.645580372474894,1,1,51,25,33
chr1:11338164-11338182,60,32,13,24,0,0,0
chr1:11908845-11908860,2,4,5,3,0,3,6
chr1:16514121-16514183,11,33,14,3,257,98,142
chr1:16666784-16666846,11,33,14,3,257,98,142
chr1:16740617-16740679,11,33,14,3,257,98,142
chr1:16896081-16896143,11,33,14,3,257,98,142
chr1:23370253-23370286,162986,145094,148333,101612,56,82,818
chr1:23743769-23743787,61,46,33,7,0,0,0
chr1:25157084-25157102,8,8,8,8,6,0,2
chr1:28648599-28648639,15,12,19,10,119,261,157
chr1:34781889-34781906,5,32,25,2,55,3,47
chr1:35427861-35427884,18,17,33,12,146,43,82
chr1:37361196-37361212,0,0,1,0,10,4,10
chr1:44153448-44153468,12,36,14,3,265,119,164
chr1:73749556-73749584,48,44,53,21,3,1,2
chr1:77779945-77779970,14,12,21,16,8,7,10
chr1:91387225-91387399,377,285,411,305,29,10,39
chr1:91387400-91387435,25,20,30,20,9,2,7
chr1:91387445-91387539,270,237,251,202,231,38,100
chr1:91387556-91387588,16,26,26,21,21,0,13
chr1:92961553-92961569,8,10,8,5,4,0,2
chr1:107570953-107570974,34,61,70,33,26,0.696964823771154,25
chr1:143729406-143729468,11,33,14,3,257,98,142
chr1:144560665-144560727,11,33,14,3,257,98,142
chr1:146376908-146376970,11,33,14,3,257,98,142
chr1:148038766-148038770,0.181171802684595,0.48418527935617,0.318673298883642,0.158216728641052,3,0.163991723240272,2
chr1:150974385-150974401,23,23,13,3,0,0,0
chr1:151439011-151439031,12,33,14,3,264,117,163
chr1:151611953-151611970,1,0.645580372474894,2,2,4,0,7
chr1:169909615-169909633,8,8,8,8,6,0,2
chr1:170096014-170096030,2,8,8,7,0,4,7
chr1:179095413-179095428,7,5,5,5,0,1,2
chr1:179900409-179900424,7,10,4,3,2,2,3
chr1:181320772-181320788,14,14,15,3,12,6,6
chr1:183733904-183733920,6,4,9,8,4,3,4
chr1:199726817-199726834,8,6,7,6,4,4,4
chr1:202500164-202500191,41,89,49,16,150,165,146
chr1:204562429-204562447,6,4,11,2,14,4,4
chr1:228555852-228555878,154,188,147,97,29,13,32
chr1:233905018-233905035,2,3,12,3,4,0,9
chr1:234837984-234838004,12,36,15,3,265,119,165
chr1:237603219-237603234,3,7,5,4,3,4,8
chr2:9615266-9615282,10,10,14,12,0,0,1
chr2:11561706-11561732,12,13,15,15,7,7,10
chr2:16158512-16158529,8,6,7,6,4,4,4
chr2:23384946-23384962,0,0,0,0,3,0.655966892961086,5
chr2:27624251-27624280,15,13,7,8,0,0,0
chr2:29273596-29273613,32,11,11,19,0,0,0
chr2:64875983-64876001,19,10,20,20,3,4,5
chr2:64979636-64979665,15,12,7,8,0,0,0
chr2:65432422-65432438,1,0.645580372474894,0,0,4,2,5
chr2:71046395-71046422,211,278,217,172,325,443,341
chr2:74958124-74958141,4,9,1,9,25,25,27
chr2:78701603-78701631,18,26,26,23,12,12,18
chr2:78701637-78701654,16,8,6,10,0,0,0
chr2:78701666-78701698,13,9,20,12,61,29,40
chr2:81496264-81496292,21,10,14,5,1,1,0
chr2:87683626-87683642,2,2,3,2,0.889766233607034,5,6
chr2:100779685-100779702,351,438,315,240,102,18,70
chr2:111267245-111267261,2,2,3,2,0.889766233607034,5,6
chr2:114937541-114937576,114,113,151,96,93,82,94
chr2:121155470-121155487,0.769980161409527,1,0.67718076012774,5,14,3,10
chr2:121546485-121546501,0,0,0,0,13,0.655966892961086,7
chr2:127875370-127875387,0.769980161409527,1,0.67718076012774,5,14,3,10
chr2:132254705-132254723,10,9,9,11,0,0.409979308100679,1
chr2:132254808-132254831,167,135,181,128,30,7,27
chr2:132255149-132255185,80,66,78,86,11,9,16
chr2:132255270-132255314,94,17,41,28,1,0.98395033944163,0
chr2:132279967-132279982,4,5,6,3,0,1,0
chr2:132281053-132281086,25,33,22,14,5,2,4
chr2:132281094-132281109,10,5,9,1,0.834155844006594,1,0
chr2:132281453-132281471,21,12,22,20,2,5,5
chr2:140223893-140223911,0,1,0.67718076012774,0,14,8,18
chr2:143091271-143091289,0,1,0.67718076012774,0,14,8,18
chr2:167689019-167689035,49,33,18,3,0.889766233607034,0,0
chr2:184685000-184685017,23,9,9,18,0,0,0
chr2:189753532-189753556,4977,4166,5047,3675,34,7,95
chr2:195550792-195550816,4976,4166,5047,3675,34,7,95
chr2:200373186-200373207,226,169,86,28,0,0,0
chr2:200863215-200863247,20,39,20,7,288,125,175
chr2:202346321-202346372,105,106,107,80,55,9,30
chr2:210932099-210932132,39,76,43,28,54,70,68
chr2:229180771-229180825,65,75,70,46,30,25,31
chr2:238865913-238865929,1,2,2,0,12,2,8
chr2:241585025-241585050,13,15,19,12,0,0,1
chr3:13632255-13632273,2,12,8,0,208,12,92
chr3:14394742-14394759,15,32,23,4,184,97,119
chr3:16885144-16885160,10,9,4,1,0,0,0
chr3:20192842-20192874,20,57,27,5,292,123,187
chr3:31986306-31986328,71,131,121,156,32,45,98
chr3:44354845-44354860,8,2,1,4,0,0,0
chr3:46599407-46599423,11,5,7,1,1,0.655966892961086,0
chr3:47931888-47931914,14,17,18,8,0,0,1
chr3:51694461-51694487,1027,1159,1049,512,1467,788,863
chr3:53846346-53846362,7,10,7,5,4,0,2
chr3:56185200-56185224,4,4,6,4,12,4,7
chr3:73183705-73183722,40,20,8,17,0,0,0
chr3:88868453-88868470,15,6,18,14,2,2,3
chr3:96618439-96618454,1,0.605231599195213,0,0,0,2,3
chr3:104160717-104160737,103,110,77,81,133,159,112
chr3:118266932-118266951,11,9,16,8,3,0.696964823771154,3
chr3:129591492-129591514,23,26,16,21,4,4,7
chr3:129591539-129591553,6,6,8,5,0,0,0.973708124343413
chr3:134783467-134783555,254,230,222,218,15,14,31
chr3:146167291-146167307,4,8,9,6,0.889766233607034,0.655966892961086,4
chr3:149094434-149094466,86,102,119,73,0,0,1
chr3:149507786-149507802,0.724687210738378,0.645580372474894,0.637346597767284,0,14,3,3
chr3:149548903-149548919,2,3,0.637346597767284,3,15,2,10
chr3:159950236-159950253,2,2,3,2,4,6,8
chr3:177120777-177120799,297,123,144,68,0,0,0
chr3:179779633-179779651,8,8,8,8,6,0,2
chr3:181314251-181314268,5,22,14,10,2,2,5
chr3:181822873-181822905,30,23,28,13,21,2,7
chr3:181822918-181822990,153,158,121,132,13,17,28
chr3:190783654-190783671,0,0.685929145754575,0,0,1,1,6
chr4:3397349-3397365,14,14,15,3,12,5,6
chr4:7112226-7112239,0.588808358724933,0,0.517844110685919,0,8,8,5
chr4:7582473-7582489,4,7,9,3,0,1,4
chr4:8393083-8393107,153,191,151,91,71,44,63
chr4:17462170-17462187,4,5,6,1,28,24,22
chr4:19057481-19057513,11,17,7,6,175,96,105
chr4:25862912-25862932,4,6,3,3,14,6,9
chr4:35174723-35174739,1,2,5,0,12,0,7
chr4:42422027-42422043,5,8,3,5,1,0.655966892961086,0
chr4:69430948-69431010,24,35,28,35,55,17,51
chr4:71415041-71415058,27,37,42,12,60,88,71
chr4:75886381-75886397,4,7,9,2,0,1,4
chr4:85322485-85322512,47,100,62,17,164,172,160
chr4:86268586-86268603,0.769980161409527,1,0.67718076012774,5,14,3,10
chr4:117593415-117593432,7,11,7,7,4,2,4
chr4:119237451-119237469,8,8,8,8,6,0,2
chr4:148382519-148382536,26,25,13,15,32,21,16
chr4:169005248-169005265,165,159,161,127,5,6,15
chr5:6714500-6714517,24,32,27,17,8,7,10
chr5:18149626-18149642,3,13,8,6,2,0.655966892961086,5
chr5:45367647-45367663,41,50,32,17,0.889766233607034,0.614968962151018,2
chr5:59297616-59297632,46,27,20,3,0.889766233607034,0,0
chr5:65722339-65722355,10,5,3,5,0,0,0
chr5:71850940-71850975,218,518,218,102,659,756,664
chr5:71851062-71851085,21,34,65,11,385,36,190
chr5:71851087-71851107,11,9,10,8,2,8,5
chr5:74767614-74767632,46,51,55,26,899,3181,1583
chr5:93170677-93170694,0,0,0.67718076012774,0,0,61.5378941459119,0
chr5:96194921-96194937,2,2,4,1,28,28,23
chr5:110951695-110951712,3,8,2,7,3,6,9
chr5:111015471-111015487,9,10,4,1,0,0,0
chr5:135399348-135399364,8,12,14,4,0,0,0
chr5:140711337-140711357,16,18,24,11,0,0.450977238910747,2
chr5:140726211-140726230,17,11,17,3,0,0,0
chr5:143110487-143110501,3,2,7,4,0.778545454406155,1,3
chr5:149066556-149066572,3,6,6,0.632866914564209,4,6,11
chr5:155845466-155845513,99,80,109,58,7,1,7
chr5:157693860-157693877,4,10,8,5,19,1,16
chr5:175115066-175115075,3,0.726277919034256,4,4,0.500493506403957,0.532973100530883,1
chr5:176363982-176364001,48,74,75,59,55,6,44
chr5:177600127-177600143,0,0.645580372474894,0,0,5,1,7
chr5:180131472-180131488,3,5,2,1,8,11,8
chr6:7187673-7187689,11,11,15,12,0,0,1
chr6:12012117-12012134,36,50,37,26,6,6,10
chr6:19320947-19320963,2,9,9,6,0,2,7
chr6:25192425-25192445,13,17,30,9,71,12,46
chr6:27680626-27680646,4,7,3,3,35,19,16
chr6:31778881-31778905,50,47,59,29,0,6,3
chr6:34137819-34137848,15,13,7,8,0,0,0
chr6:35388331-35388347,10,5,7,6,0,0,0
chr6:37912570-37912602,16,16,33,8,170,51,94
chr6:52995785-52995802,0.769980161409527,0,3,0.632866914564209,9,10,8
chr6:52995864-52995883,25,12,18,10,0,0,0
chr6:106449425-106449450,14,12,21,16,8,7,10
chr6:110946220-110946236,47,30,18,4,0.889766233607034,0,0
chr6:120262301-120262315,6,5,8,3,0.778545454406155,1,0
chr6:120262325-120262335,5,7,2,2,0.556103896004396,0.409979308100679,0
chr6:125979885-125979934,65,57,61,56,2,7,7
chr6:144371008-144371022,5,4,4,4,5,0,2
chr6:144371061-144371099,76,71,76,74,10,5,13
chr6:149631436-149631462,22,14,5,8,0,0,0
chr6:150866319-150866335,12,7,15,9,0,0,1
chr6:156778505-156778520,2,7,5,6,0,0,4
chr7:6212715-6212740,4728,3946,4574,3200,2,4,28
chr7:53776227-53776249,19,2,18,6,0,0,0
chr7:64108598-64108616,4,11,16,16,3,1,16
chr7:69062538-69062564,37,39,43,24,3,2,5
chr7:69062609-69062624,2,4,5,5,2,4,8
chr7:74063311-74063327,0.724687210738378,0.645580372474894,0.637346597767284,0,21,6,12
chr7:75750389-75750406,46,45,46,44,0,0.696964823771154,2
chr7:80135303-80135320,1,0,5,2,13,0.614968962151018,11
chr7:100854199-100854217,6,14,19,6,15,2,17
chr7:101903252-101903268,9,9,4,1,0,0,0
chr7:103132194-103132210,3,0.645580372474894,6,3,17,14,11
chr7:128697706-128697737,24,24,22,16,1,2,3
chr7:138309195-138309210,3,2,2,0.593312732403946,6,9,4
chr7:138451059-138451075,2,3,0.637346597767284,2,10,7,5
chr7:138834877-138834893,10,10,4,1,0,0,0
chr7:148941486-148941521,1981,1912,2765,1218,22618,10423,13700
chr7:148941539-148941563,5,20,5,1,79,22,49
chr7:148987191-148987248,65522,62063,64035,46568,355,658,2234
chr7:151510566-151510587,49,44,54,54,14,6,14
chr7:152536041-152536057,51,33,18,4,0.889766233607034,0,0
chr7:156349672-156349688,7,8,5,10,0.889766233607034,2,2
chr8:7068656-7068673,1,2,0.67718076012774,0,10,10,7
chr8:10686638-10686662,58,72,57,46,24,13,21
chr8:10696301-10696318,13,1,10,7,0.945376623207474,0,0
chr8:10916569-10916587,0,1,0,1,5,22,14
chr8:12712563-12712580,1,2,0.67718076012774,0,10,10,7
chr8:17272157-17272173,11,3,7,10,0,0,0
chr8:20290215-20290242,43,43,43,23,4,1,4
chr8:23457578-23457593,7,8,4,3,2,0.614968962151018,3
chr8:32256542-32256568,13,13,14,16,9,7,10
chr8:33011719-33011737,0,1,0.67718076012774,0,14,8,18
chr8:38744021-38744042,77,42,34,18,0,0,0
chr8:43152990-43153007,5,11,12,5,23,0.696964823771154,16
chr8:46040356-46040372,6,15,9,7,2,0.655966892961086,4
chr8:47372244-47372260,11,5,2,5,0.889766233607034,0,0
chr8:47475828-47475851,3,15,13,9,0,3,8
chr8:68717301-68717323,173,185,193,96,8,22,25
chr8:69690146-69690175,54,91,127,49,299,36,189
chr8:69690248-69690259,3,3,5,6,0,0,2
chr8:69690260-69690287,15,25,32,22,5,3,10
chr8:69690353-69690381,11,12,37,15,26,6,30
chr8:72745966-72745982,50,33,19,3,0.889766233607034,0,0
chr8:73746990-73747007,2,8,4,8,33,0,23
chr8:95751482-95751498,2,3,0.637346597767284,3,15,2,10
chr8:105496312-105496331,143,135,111,108,140,110,98
chr8:109696889-109696906,87,471,218,145,147,38,304
chr8:123044716-123044735,767,697,697,652,12,19,50
chr8:142247718-142247738,11,12,9,9,2,0,2
chr8:143243349-143243366,11,10,3,4,0,0,0
chr8:143267409-143267425,2,4,4,4,17,0,15
chr9:9442233-9442270,30,37,31,24,13,3,9
chr9:21699480-21699500,7,11,11,8,0,0,1
chr9:33395030-33395046,336,424,302,222,99,17,67
chr9:34390020-34390051,32,74,62,44,17,15,37
chr9:35657752-35657774,0.99644491476527,0,0,0,16,6,8
chr9:35657974-35658018,4,6,2,3,642,189,328
chr9:76571748-76571769,4,13,16,5,11,3,13
chr9:76571870-76571886,2,8,9,4,0.722935064805715,2,4
chr9:76571906-76571967,29,72,63,54,125,9,99
chr9:76572015-76572034,15,17,12,11,2,0.77896068539129,2
chr9:78779311-78779327,0.724687210738378,0,0.637346597767284,0,3,12,7
chr9:80521492-80521508,4,8,9,6,0.889766233607034,0.655966892961086,4
chr9:86423012-86423036,14,9,29,23,25,12,25
chr9:93185253-93185268,0.67939426006723,0.605231599195213,0,0,10,2,6
chr9:95142446-95142463,13,30,21,4,182,94,117
chr9:96103141-96103174,761,939,726,624,332,335,381
chr9:112169285-112169311,14,17,19,8,0,0,1
chr9:126652286-126652303,11,11,2,4,0,0,0
chr9:130400410-130400431,19,25,9,17,3,3,5
chr9:133071031-133071047,0.724687210738378,0.645580372474894,0.637346597767284,0,14,1,3
chr9:133086830-133086846,0.724687210738378,0.645580372474894,0.637346597767284,0,14,1,3
chr9:136119381-136119397,2,2,0,2,8,7,7
chr10:350569-350585,9,5,5,4,0,0,0
chr10:7952450-7952466,15,7,5,10,0,0,0
chr10:8055914-8055931,0.769980161409527,0.685929145754575,0.67718076012774,0,9,0.696964823771154,6
chr10:11521240-11521256,4,8,9,6,0.889766233607034,0.655966892961086,4
chr10:17308052-17308085,39,76,43,28,54,70,68
chr10:34202042-34202074,24,42,37,8,308,132,190
chr10:43751849-43751865,5,6,11,8,11,1,12
chr10:43866883-43866899,2,8,7,6,0,2,6
chr10:43951041-43951068,45,96,61,16,157,168,157
chr10:49117163-49117179,2,9,5,3,0.889766233607034,0.655966892961086,3
chr10:49703051-49703081,8,7,10,6,48,27,31
chr10:49703262-49703278,5,8,11,7,0.834155844006594,2,4
chr10:60511334-60511351,0,0,0,0,1,1,5
chr10:61662996-61663013,20,17,21,14,9,0.655966892961086,4
chr10:64302198-64302215,27,26,13,16,32,21,16
chr10:67045521-67045538,8,8,8,5,2,0,2
chr10:67045558-67045579,5,9,16,5,52,0.860956547011426,29
chr10:68827707-68827723,10,3,7,7,0,0,0
chr10:68828043-68828059,10,3,7,7,0,0,0
chr10:70222563-70222576,4,2,0.0398341623604553,3,6,5,2
chr10:70222577-70222591,5,5,4,2,5,3,2
chr10:71438920-71438935,9,6,8,1,0.834155844006594,0.614968962151018,0
chr10:96832411-96832427,0,0,0.637346597767284,0,58,5,40
chr10:106970081-106970097,7,7,6,5,0.889766233607034,0.491975169720815,0
chr10:110642768-110642785,42,40,43,39,0,0.696964823771154,2
chr10:120003907-120003922,5,7,7,5,2,2,3
chr10:132212967-132212983,24,23,12,3,0,0,0
chr11:3040059-3040076,11,11,2,4,0,0,0
chr11:10508029-10508045,0,0.645580372474894,0,0,15,1,9
chr11:10509969-10509987,0,1,0.67718076012774,0,14,8,18
chr11:13326259-13326288,31031,25134,27734,21676,12,12,146
chr11:16842420-16842433,0.588808358724933,0,0.517844110685919,0,8,8,5
chr11:21000880-21000931,345,296,240,141,472,197,178
chr11:46244158-46244182,52,49,61,32,0,6,3
chr11:46918582-46918599,0,0,0,0,21,0.655966892961086,12
chr11:47233086-47233103,0,0.685929145754575,0,0.593312732403946,4,4,9
chr11:49485367-49485384,27,37,42,13,62,97,74
chr11:49742841-49742859,26,25,27,17,8,4,9
chr11:59626978-59627020,14,13,21,10,157,445,243
chr11:61435105-61435134,15,13,7,8,0,0,0
chr11:62841693-62841717,14,9,29,23,25,12,25
chr11:62891616-62891635,9,4,0.67718076012774,0.632866914564209,17,20,4
chr11:77886431-77886451,11,16,16,8,11,13,14
chr11:79384621-79384638,5,11,12,5,26,2,18
chr11:85484111-85484137,165,48,62,40,345,56,37
chr11:88886304-88886322,26,25,27,17,8,4,9
chr11:103404285-103404303,4,11,16,16,3,1,16
chr11:103410834-103410852,0,1,0.67718076012774,0,14,8,18
chr11:118970508-118970529,13,35,14,3,270,124,168
chr11:120647016-120647037,2,11,7,15,0,7,11
chr11:127828650-127828666,5,10,3,4,1,0.655966892961086,0
chr11:130427802-130427824,0,1,1,0,28,1,28
chr12:5081266-5081282,0,1,0.637346597767284,0,4,14,13
chr12:19724560-19724579,3,5,2,2,17,3,11
chr12:20551451-20551523,297,238,326,294,50,17,53
chr12:24406015-24406034,50,20,19,21,0,0,0
chr12:28505428-28505478,37,34,40,27,4,2,5
chr12:32035206-32035235,15,13,7,8,0,0,0
chr12:34203903-34203921,62,115,83,25,393,212,259
chr12:34219407-34219418,8,8,3,3,0,0,0
chr12:45187440-45187469,132,180,481,193,428,60,421
chr12:68804813-68804830,35,20,7,13,0,0,0
chr12:69664423-69664440,152,83,56,17,0,0,0
chr12:76878830-76878846,2,4,2,4,17,0,14
chr12:87302486-87302503,0,0,0,0,10,4,9
chr12:88430444-88430473,100,106,81,55,1,2,2
chr12:112267242-112267259,0.769980161409527,0,3,0.632866914564209,9,10,8
chr12:120504627-120504647,13,35,14,3,268,119,165
chr12:127165940-127165951,8,8,4,3,0,0,0
chr12:127166010-127166035,17,35,35,23,134,7,78
chr12:127166055-127166089,66,228,206,102,69,41,185
chr12:131809196-131809212,17,16,12,2,0,0,0
chr13:23659135-23659153,5,2,7,7,34,14,21
chr13:41658786-41658803,3,8,2,7,3,6,9
chr13:55971639-55971659,1,0,0.67718076012774,0,25,7,13
chr13:56327866-56327883,0,0,0,1,8,1,9
chr13:63532531-63532547,51,33,18,4,0.889766233607034,0,0
chr13:82065697-82065712,1,0.605231599195213,0.597512435406829,0,2,7,5
chr13:99978558-99978575,0.724687210738378,2,0.597512435406829,0,11,0,8
chr13:102819998-102820022,19,19,33,12,158,53,91
chr13:106725928-106725944,50,33,19,3,0.889766233607034,0,0
chr14:16055442-16055476,35,19,40,1,1,1,0
chr14:16055948-16055967,91,71,85,81,20,3,15
chr14:16056052-16056070,10,9,9,11,0,0.409979308100679,1
chr14:20343070-20343113,9,19,15,9,273,16,119
chr14:20343365-20343409,13,45,24,14,8,16,31
chr14:23471583-23471612,15,13,7,8,0,0,0
chr14:23517859-23517880,5,9,9,6,2,4,3
chr14:24094192-24094209,5,20,6,1,31,11,26
chr14:32364354-32364370,46,28,18,3,0.889766233607034,0,0
chr14:34546815-34546877,11,33,14,3,259,98,143
chr14:34556225-34556287,11,33,14,3,259,98,143
chr14:45005255-45005271,1,2,5,0,12,0,7
chr14:49586753-49586790,29,35,30,24,12,3,9
chr14:49586849-49586878,21,19,9,1,1,0,0
chr14:49853702-49853740,32,38,31,27,15,3,10
chr14:49862639-49862675,29,34,30,23,11,3,9
chr14:64704580-64704596,1,0.645580372474894,0,0,2,2,4
chr14:64939111-64939127,0,1,0.637346597767284,0,4,14,13
chr14:69257094-69257110,0,0,1,0,10,4,10
chr14:99014033-99014049,3,4,9,2,6,11,8
chr14:102695387-102695414,76,50,26,19,0,0,0
chr15:22980462-22980478,23,23,13,3,0,0,0
chr15:44309581-44309605,4976,4166,5047,3675,34,7,95
chr15:56940732-56940750,62,31,11,22,0.278051948002198,0,0
chr15:69434635-69434651,2,3,0.637346597767284,3,15,2,10
chr15:90294065-90294085,11,12,9,9,2,0,2
chr15:98548361-98548377,2,5,3,2,3,0,5
chr15:101252463-101252479,3,3,4,2,27,10,17
chr16:1446638-1446654,0,0,1,0,13,0,10
chr16:2456711-2456727,5,8,8,6,4,2,6
chr16:3641905-3641921,2,2,6,1,9,4,10
chr16:34160108-34160127,10,16,15,11,3,0,4
chr16:34160148-34160166,6,9,10,6,6,0,4
chr16:34160395-34160419,31,16,14,14,0,0,0
chr16:34160866-34160909,80,74,70,39,7,1,4
chr16:34161244-34161280,97,180,262,178,310,37,279
chr16:34161446-34161474,16,41,57,31,31,6,46
chr16:34162997-34163013,3,5,5,5,6,2,7
chr16:46921580-46921596,0.724687210738378,0.645580372474894,0,0,13,11,7
chr16:50869452-50869477,861,1040,731,303,755,304,377
chr16:54534481-54534497,1,0,0,0,16,8,8
chr16:61743216-61743232,16,8,13,5,0,0,0
chr16:67321724-67321740,16,6,15,4,0,0,0
chr16:70661707-70661723,0,0.645580372474894,0,0,6,0.655966892961086,6
chr16:72055530-72055549,6,23,21,3,35,2,31
chr16:72064132-72064151,6,23,21,3,35,2,31
chr16:81594016-81594033,11,10,3,4,0,0,0
chr16:81962092-81962108,1,0,0.995854059011382,0.632866914564209,8,10,7
chr16:85659522-85659542,12,12,9,9,2,0,2
chr16:86568075-86568090,2,8,5,6,2,0,7
chr16:88728206-88728222,23,23,13,3,0,0,0
chr17:7549075-7549090,2,7,5,6,0,0,4
chr17:15707847-15707865,6,5,12,7,62,6,33
chr17:17582117-17582133,41,34,19,5,0,0.655966892961086,0
chr17:17870968-17870989,48,42,52,53,13,5,13
chr17:22527276-22527294,11,8,8,2,0,0,0
chr17:30895296-30895321,5055,4267,5141,3736,35,9,108
chr17:35151149-35151150,0.226464753355743,0.282441412957766,0.318673298883642,0.355987639442367,0,0.0409979308100679,0.417303481861463
chr17:35151179-35151206,29,28,24,24,1,2,3
chr17:35151212-35151282,6449,4179,3580,2943,8219,6481,3541
chr17:42932920-42932942,5795,4801,5362,4167,14,25,110
chr17:42997975-42998007,14,33,15,18,13,18,23
chr17:45728088-45728104,1,0,0,0,16,8,8
chr17:53106362-53106385,30,77,126,100,19,18,108
chr17:66755844-66755876,1116,720,669,1448,83,343,244
chr17:72663970-72663983,0.588808358724933,0,0.517844110685919,0,8,8,5
chr17:77442110-77442136,323,117,127,93,0,0,0
chr17:81812955-81812970,2,8,5,6,2,0,6
chr17:81959674-81959694,0.905859013422973,0,8,0,0,51,0
chr18:5895655-5895671,2,10,4,7,1,0.655966892961086,9
chr18:9376900-9376917,0,0.685929145754575,0,0,1,1,6
chr18:9914558-9914574,1,3,1,5,2,0,7
chr18:11484025-11484042,0,0.685929145754575,0,0,1,1,6
chr18:13749820-13749836,2,2,2,3,14,0.614968962151018,8
chr18:24170522-24170541,8,7,14,3,9,3,3
chr18:37126272-37126288,7,8,5,9,0.889766233607034,2,2
chr18:80012981-80013000,14,14,15,12,7,0,3
chr19:2601123-2601141,10,12,3,2,0,0,0
chr19:4122079-4122096,1,0.645580372474894,2,2,10,0,9
chr19:7886975-7886998,639,710,530,240,676,316,322
chr19:8683405-8683432,51,60,53,22,0,0.942952408631562,1
chr19:14159284-14159300,7,10,1,4,3,0,1
chr19:17350760-17350789,15,13,7,8,0,0,0
chr19:17602294-17602311,95,53,54,12,0,0,0
chr19:21113177-21113204,42,44,39,22,3,1,3
chr19:22694820-22694854,26,55,62,73,14,0.77896068539129,28
chr19:24000273-24000287,3,6,6,6,2,0.573971031340951,3
chr19:24001586-24001608,18,17,21,18,3,3,5
chr19:24001980-24001996,0,0.645580372474894,1,0,0,14,10
chr19:24003016-24003039,14,14,32,12,18,84,50
chr19:24003169-24003186,112,51,97,134,3,1,5
chr19:24004485-24004506,11,9,13,11,147,317,183
chr19:35575638-35575667,59,104,144,80,103,32,125
chr19:35575689-35575719,7,7,6,7,36,17,23
chr19:35575805-35575816,3,2,7,4,0.500493506403957,0,0.973708124343413
chr19:36049152-36049177,20,19,35,12,175,64,101
chr19:40342328-40342348,290,264,276,217,2,5,11
chr19:40828337-40828353,0,0.645580372474894,3.14689882647597,23.9698343891194,0,0,0
chr19:44985391-44985409,5,6,8,2,35,43,32
chr19:45717381-45717397,0,1,0.637346597767284,0,4,14,13
chr19:47727717-47727749,21,38,19,9,291,131,177
chr19:49677926-49677943,1,0,4,2,13,0,9
chr19:51783615-51783632,7,16,11,8,2,0.655966892961086,4
chr19:51830526-51830543,7,16,11,8,2,0.655966892961086,4
chr19:58363505-58363530,18,15,23,17,8,8,9
chr19:58451666-58451683,0,0.685929145754575,0,0.672421096724472,24,0,14
chr20:4912894-4912910,2,0.645580372474894,0.637346597767284,0,16,2,2
chr20:29298756-29298791,326,254,328,276,40,9,41
chr20:29299112-29299143,68,54,67,74,8,7,14
chr20:29299453-29299486,34,73,81,63,63,13,80
chr20:29299567-29299572,2,1,1,1,0,0.20498965405034,0.347752901551219
chr20:29299768-29299792,31,17,13,15,0,0,0
chr20:30486482-30486500,10,9,9,11,0,0.409979308100679,1
chr20:30487520-30487538,7,5,9,4,2,4,3
chr20:30512398-30512420,80,74,86,52,46,6,22
chr20:30512970-30512985,4,5,6,3,0,1,0
chr20:30512990-30513009,62,55,71,42,36,6,19
chr20:30513611-30513643,183,204,219,202,294,1145,618
chr20:30514056-30514080,17,22,19,11,5,2,4
chr20:30514454-30514472,21,12,24,19,2,5,5
chr20:30816201-30816226,12,11,17,15,8,6,10
chr20:37351987-37352009,5,2,7,7,13,7,11
chr20:37975217-37975235,20,11,15,8,0,0,0
chr20:42057284-42057300,10,3,8,7,0,0,0
chr20:47873230-47873253,147,186,144,93,35,27,42
chr20:53594595-53594612,37,52,40,26,8,6,10
chr21:8196260-8196290,51,39,59,35,6,2,7
chr21:8206418-8206459,2,3,2,1,56,14,28
chr21:8206463-8206480,0.317050654698041,1,0.398341623604553,0.237325092961578,10,0.368981377290611,7
chr21:8206632-8206651,2,0,4,5,12,0.655966892961086,9
chr21:8206779-8206785,0.271757704026892,0,0.0398341623604553,0,3,0,3
chr21:8207119-8207138,0,1,1,0,80,5,48
chr21:8208973-8208995,0,0.887673012152979,0,0,23,0,11
chr21:8209670-8209671,0.181171802684595,0.363138959517128,0.517844110685919,0.158216728641052,0.333662337602638,0,0.0695505803102438
chr21:8209681-8209849,792,763,937,678,238,48,175
chr21:8209891-8209906,2,3,3,1,4,3,7
chr21:8209908-8209980,165,158,180,135,35,10,34
chr21:8209994-8210112,169,166,193,136,44,23,46
chr21:8210120-8210154,150,254,437,137,1424,111,755
chr21:8210157-8210160,1,0.968370558712341,1,1,0,0,0
chr21:8210214-8210368,157,359,410,355,277,66,398
chr21:8210374-8210400,19,18,10,1,0,0,0
chr21:8210401-8210405,2,2,1,0.751529461044998,0.222441558401759,0,0
chr21:8210463-8210652,567,496,603,356,47,8,48
chr21:8210653-8210687,77,63,76,80,11,9,16
chr21:8210723-8210742,31,21,47,22,20,4,11
chr21:8210745-8210873,329,459,599,502,386,104,401
chr21:8210935-8211007,297,238,326,294,50,17,53
chr21:8211040-8211106,28,67,110,73,43,11,79
chr21:8211196-8211198,0.271757704026892,1,0.956019896650927,0.553758550243683,0.111220779200879,0.163991723240272,0.0695505803102438
chr21:8211217-8211256,86,64,104,69,15,8,18
chr21:8211285-8211289,0.860566062751824,1,1,1,0.222441558401759,0.163991723240272,0.278202321240975
chr21:8211293-8211463,10497,11527,9719,7205,2130,509,1858
chr21:8211482-8211506,9,9,13,14,5,5,7
chr21:8211695-8211721,1,0.685929145754575,1,0.593312732403946,42,29,29
chr21:8211823-8211843,1,2,0,2,241,7,97
chr21:8212127-8212147,0.815273112080676,1,0.67718076012774,1,37,4,18
chr21:8212247-8212272,1,0,0.637346597767284,2,95,4,41
chr21:8212564-8212652,1549,1487,1548,1457,3776,5144,3630
chr21:8212690-8212727,147,293,263,127,246,123,262
chr21:8212982-8213014,0.724687210738378,3,2,1,116,104,94
chr21:8213126-8213152,1,0.766626692313936,0.67718076012774,3,54,2,23
chr21:8213217-8213235,0,0,0.717014922488195,0.039554182160263,19,0,11
chr21:8213239-8213257,0,0,0,0.51420436808342,19,0,11
chr21:8213289-8213310,0,0,0,0,108,0,6
chr21:8213510-8213528,0,0.726277919034256,0,0,26,1,19
chr21:8213531-8213547,0.67939426006723,2,0,0,8,2,7
chr21:8213660-8213679,1,0,0,3,32,3,15
chr21:8213820-8213844,0,0,0.717014922488195,0,172,3,109
chr21:8213849-8213865,0,0,0,0,7,0.655966892961086,7
chr21:8213885-8214016,6833,4441,3920,3265,8694,6872,3851
chr21:8214017-8214134,277,395,473,451,252,203,403
chr21:8214269-8214352,350,205,288,182,551,220,194
chr21:8214356-8214393,13,15,19,9,123,23,63
chr21:8214458-8214494,6,11,11,2,249,39,118
chr21:8214518-8214570,7,10,30,4,120,7,63
chr21:8214585-8214668,83,133,200,54,496,80,310
chr21:8214699-8214745,15,44,35,16,234,8,119
chr21:8214798-8214866,100,278,198,59,1087,105,586
chr21:8214915-8214934,0,1,0.159336649441821,0.593312732403946,35,0.450977238910747,18
chr21:8214938-8214958,0,1,1,1,6,0,13
chr21:8214961-8214984,5,12,15,14,24,0,22
chr21:8215010-8215028,2,4,6,1,6,0.655966892961086,8
chr21:8215032-8215121,82,209,175,75,662,51,375
chr21:8215126-8215192,79,149,162,50,1052,111,527
chr21:8215203-8215264,155,214,276,205,283,98,256
chr21:8215265-8215270,3,2,2,0.791083643205261,0.278051948002198,0,0.278202321240975
chr21:8215277-8215319,27,50,118,37,109,10,101
chr21:8215343-8215352,1,3,3,3,1,0.245987584860407,4
chr21:8215357-8215383,6,19,15,3,19,3,21
chr21:8215422-8215594,462,590,681,545,300,181,381
chr21:8215600-8215659,156,115,135,150,3,4,10
chr21:8215675-8215727,108,160,180,131,87,22,90
chr21:8215762-8215804,63,44,83,50,14,7,15
chr21:8215875-8215998,101,192,193,136,157,62,187
chr21:8216006-8216038,8,19,17,23,20,0.696964823771154,24
chr21:8216124-8216289,640,564,702,573,421,149,283
chr21:8216346-8216506,381,756,461,186,899,959,914
chr21:8216584-8216860,2003,2704,2623,2176,1328,1626,2042
chr21:8216970-8216991,2,5,14,8,2,0,11
chr21:8216997-8217020,9,19,29,24,40,1,38
chr21:8217066-8217175,4490,5302,3404,3577,268,50,338
chr21:8217178-8217197,10,25,12,7,28,8,24
chr21:8217217-8217240,24,9,27,46,13,0.163991723240272,3
chr21:8217247-8217288,13,17,30,11,282,22,131
chr21:8217358-8217365,1,0.524534052635851,2,0.276879275121841,2,0.286985515670475,3
chr21:8217371-8217372,0.181171802684595,0,0.0796683247209106,0.039554182160263,0.166831168801319,0.0409979308100679,1
chr21:8217375-8217404,8,8,39,11,22,3,29
chr21:8217438-8217561,277,794,998,694,378,106,885
chr21:8217603-8217617,10,6,5,4,1,0,0
chr21:8217738-8217772,74,123,178,96,266,35,207
chr21:8217805-8217900,156,161,186,148,141,69,113
chr21:8217903-8218180,547,1131,1412,347,3155,450,2095
chr21:8218190-8218225,25,20,30,20,9,2,7
chr21:8218226-8218405,430,345,465,351,36,14,51
chr21:8218558-8218635,35,52,65,44,28,10,33
chr21:8218697-8218704,0.951151964094122,0,2,0.51420436808342,2,0,3
chr21:8218810-8218852,23,52,52,43,127,8,89
chr21:8218891-8218940,49,53,52,24,1,4,4
chr21:8250627-8250668,2,3,2,1,56,14,28
chr21:8250672-8250689,0.317050654698041,1,0.398341623604553,0.237325092961578,10,0.368981377290611,7
chr21:8250841-8250860,2,0,4,5,12,0.655966892961086,9
chr21:8250988-8250994,0.271757704026892,0,0.0398341623604553,0,3,0,3
chr21:8251328-8251347,0,1,1,0,80,5,48
chr21:8253556-8253572,0,1,0,0,11,0.655966892961086,9
chr21:8253904-8253917,3,5,6,6,0,0,0
chr21:8253941-8254059,717,692,852,616,225,46,162
chr21:8254101-8254116,2,3,3,1,4,3,7
chr21:8254118-8254190,165,158,180,135,35,10,34
chr21:8254204-8254297,141,139,171,110,40,22,41
chr21:8254330-8254362,146,250,434,128,1425,112,752
chr21:8254422-8254576,157,359,410,354,277,66,398
chr21:8254582-8254608,19,18,10,1,0,0,0
chr21:8254609-8254613,2,2,1,0.751529461044998,0.222441558401759,0,0
chr21:8254671-8254860,567,496,603,356,47,8,48
chr21:8254861-8254895,77,63,76,80,11,9,16
chr21:8254931-8254950,31,21,47,22,20,4,11
chr21:8254953-8255081,329,459,599,502,386,104,401
chr21:8255143-8255215,297,238,326,294,50,17,53
chr21:8255248-8255274,17,50,48,27,35,6,49
chr21:8255279-8255315,28,12,34,24,0.111220779200879,0,0.0695505803102438
chr21:8255426-8255464,84,63,102,68,15,8,18
chr21:8255493-8255497,0.860566062751824,1,1,1,0.222441558401759,0.163991723240272,0.278202321240975
chr21:8255501-8255602,156,165,158,139,23,10,30
chr21:8255617-8255659,354,329,380,181,245,69,137
chr21:8255687-8255707,9,8,11,11,4,5,6
chr21:8255901-8255927,1,0.685929145754575,1,0.593312732403946,42,29,29
chr21:8255996-8256014,0,0,0.717014922488195,0.711975278884735,22,1,16
chr21:8256029-8256049,0.769980161409527,2,0,2,244,6,99
chr21:8256335-8256355,0.815273112080676,1,0.67718076012774,1,37,4,18
chr21:8256455-8256480,1,0,0.637346597767284,2,95,4,41
chr21:8256773-8256861,1549,1487,1548,1457,3776,5144,3630
chr21:8256899-8256936,147,293,263,127,246,123,262
chr21:8257191-8257223,0.724687210738378,3,2,1,116,104,94
chr21:8257337-8257367,1,0.766626692313936,0.67718076012774,2,53,2,24
chr21:8257430-8257448,0,0,0.717014922488195,0.039554182160263,19,0,11
chr21:8257452-8257470,0,0,0,0.51420436808342,19,0,11
chr21:8257502-8257523,0,0,0,0,108,0,6
chr21:8257743-8257759,0.67939426006723,0.645580372474894,0,0,8,2,6
chr21:8257880-8257899,1,0,0,3,32,3,15
chr21:8258041-8258065,0,0,0.717014922488195,0,172,3,109
chr21:8258070-8258086,0,0,0,0,7,0.655966892961086,7
chr21:8258106-8258166,6664,4272,3781,3201,8444,6780,3723
chr21:8258191-8258226,25,36,40,34,8,19,21
chr21:8258238-8258355,277,395,473,450,252,203,403
chr21:8258490-8258555,325,198,267,175,537,208,193
chr21:8258579-8258603,4,4,3,2,93,21,47
chr21:8258681-8258717,6,11,11,2,249,39,118
chr21:8258741-8258793,7,10,30,4,120,7,63
chr21:8258808-8258891,83,133,200,54,496,80,310
chr21:8258922-8258971,16,47,36,16,251,9,126
chr21:8259027-8259095,100,278,198,59,1087,105,586
chr21:8259144-8259163,0,1,0.159336649441821,0.593312732403946,35,0.450977238910747,18
chr21:8259167-8259187,0,1,1,1,6,0,13
chr21:8259190-8259213,5,12,15,14,24,0,22
chr21:8259239-8259257,2,4,4,1,6,0.655966892961086,8
chr21:8259289-8259350,76,192,162,69,628,47,353
chr21:8259355-8259421,79,149,162,50,1052,111,527
chr21:8259432-8259493,155,214,276,205,283,98,256
chr21:8259494-8259499,3,2,2,0.791083643205261,0.278051948002198,0,0.278202321240975
chr21:8259506-8259548,27,50,118,37,109,10,101
chr21:8259572-8259581,1,3,3,3,1,0.245987584860407,4
chr21:8259586-8259612,6,19,15,3,19,3,21
chr21:8259651-8259823,462,590,681,545,300,181,381
chr21:8259829-8259888,156,115,135,150,3,4,10
chr21:8259904-8259956,108,160,180,131,87,22,90
chr21:8259991-8260033,63,44,83,50,14,7,15
chr21:8260104-8260227,101,192,193,136,157,62,187
chr21:8260235-8260267,8,19,17,23,20,0.696964823771154,24
chr21:8260353-8260518,640,564,702,573,421,149,283
chr21:8260568-8260735,415,840,520,204,902,983,955
chr21:8260813-8260972,764,960,1121,830,616,1350,1151
chr21:8379305-8379335,51,39,59,35,6,2,7
chr21:8389465-8389506,2,3,2,1,56,14,28
chr21:8389510-8389527,0.317050654698041,1,0.398341623604553,0.237325092961578,10,0.368981377290611,7
chr21:8389679-8389698,2,0,4,5,12,0.655966892961086,9
chr21:8389826-8389832,0.271757704026892,0,0.0398341623604553,0,3,0,3
chr21:8390166-8390185,0,1,1,0,80,5,48
chr21:8392022-8392027,0,0.201743866398404,0,0,4,0,3
chr21:8392030-8392033,0,0.121046319839043,0,0,3,0,2
chr21:8392376-8392392,0,1,0,0,11,0.655966892961086,9
chr21:8392705-8392706,0.181171802684595,0.363138959517128,0.517844110685919,0.158216728641052,0.333662337602638,0,0.0695505803102438
chr21:8392716-8392884,792,763,937,678,238,48,175
chr21:8392926-8392941,2,3,3,1,4,3,7
chr21:8392943-8393015,165,158,180,135,35,10,34
chr21:8393029-8393147,169,166,193,136,44,23,46
chr21:8393155-8393189,150,254,437,137,1424,111,755
chr21:8393192-8393195,1,0.968370558712341,1,1,0,0,0
chr21:8393249-8393403,157,359,410,355,277,66,398
chr21:8393409-8393435,19,18,10,1,0,0,0
chr21:8393436-8393440,2,2,1,0.751529461044998,0.222441558401759,0,0
chr21:8393498-8393687,567,496,603,356,47,8,48
chr21:8393688-8393722,77,63,76,80,11,9,16
chr21:8393758-8393777,31,21,47,22,20,4,11
chr21:8393780-8393908,329,459,599,502,386,104,401
chr21:8393970-8394042,297,238,326,294,50,17,53
chr21:8394075-8394141,28,67,110,73,43,11,79
chr21:8394231-8394233,0.271757704026892,1,0.956019896650927,0.553758550243683,0.111220779200879,0.163991723240272,0.0695505803102438
chr21:8394252-8394291,86,64,104,69,15,8,18
chr21:8394320-8394324,0.860566062751824,1,1,1,0.222441558401759,0.163991723240272,0.278202321240975
chr21:8394328-8394498,10497,11527,9719,7205,2130,509,1858
chr21:8394517-8394541,9,9,13,14,5,5,7
chr21:8394730-8394756,1,0.685929145754575,1,0.593312732403946,42,29,29
chr21:8394858-8394878,1,2,0,2,241,7,97
chr21:8395162-8395182,0.815273112080676,1,0.67718076012774,1,37,4,18
chr21:8395282-8395307,1,0,0.637346597767284,2,95,4,41
chr21:8395599-8395687,1549,1487,1548,1457,3776,5144,3630
chr21:8395725-8395762,147,293,263,127,246,123,262
chr21:8396017-8396049,0.724687210738378,3,2,1,116,104,94
chr21:8396161-8396187,1,0.766626692313936,0.67718076012774,3,54,2,23
chr21:8396252-8396270,0,0,0.717014922488195,0.039554182160263,19,0,11
chr21:8396274-8396292,0,0,0,0.51420436808342,19,0,11
chr21:8396540-8396558,0,0.726277919034256,0,0,26,1,19
chr21:8396561-8396577,0.67939426006723,2,0,0,8,2,7
chr21:8396698-8396717,1,0,0,3,32,3,15
chr21:8396858-8396882,0,0,0.717014922488195,0,172,3,109
chr21:8396887-8396903,0,0,0,0,7,0.655966892961086,7
chr21:8396923-8397054,6833,4441,3920,3265,8694,6872,3851
chr21:8397055-8397172,277,395,473,451,252,203,403
chr21:8397307-8397390,350,205,288,182,551,220,194
chr21:8397394-8397431,13,15,19,9,123,23,63
chr21:8397496-8397532,6,11,11,2,249,39,118
chr21:8397556-8397608,7,10,30,4,120,7,63
chr21:8397623-8397705,63,186,184,69,175,26,200
chr21:8397736-8397778,14,45,34,16,212,6,112
chr21:8397832-8397900,100,278,198,59,1087,105,586
chr21:8397949-8397968,0,0.685929145754575,0.0398341623604553,0,28,0.450977238910747,16
chr21:8398044-8398062,2,4,6,1,6,0.655966892961086,8
chr21:8398066-8398155,82,209,175,75,662,51,375
chr21:8398160-8398226,79,149,162,50,1052,111,527
chr21:8398237-8398298,155,214,276,205,283,98,256
chr21:8398299-8398304,3,2,2,0.791083643205261,0.278051948002198,0,0.278202321240975
chr21:8398311-8398353,27,50,118,37,109,10,101
chr21:8398377-8398386,1,3,3,3,1,0.245987584860407,4
chr21:8398391-8398417,6,19,15,3,19,3,21
chr21:8398456-8398628,462,590,681,545,300,181,381
chr21:8398634-8398693,156,115,135,150,3,4,10
chr21:8398709-8398761,108,160,180,131,87,22,90
chr21:8398796-8398838,63,44,83,50,14,7,15
chr21:8398909-8399032,101,192,193,136,157,62,187
chr21:8399040-8399072,8,19,17,23,20,0.696964823771154,24
chr21:8399158-8399323,640,564,702,573,421,149,283
chr21:8399373-8399540,415,840,520,204,902,983,955
chr21:8399618-8399894,2003,2704,2623,2176,1328,1626,2042
chr21:8400004-8400025,2,5,14,8,2,0,11
chr21:8400031-8400054,9,19,29,24,40,1,38
chr21:8400101-8400210,4490,5302,3404,3577,268,50,338
chr21:8400213-8400232,10,25,12,8,28,8,24
chr21:8400252-8400275,24,9,27,46,13,0.163991723240272,3
chr21:8400282-8400323,13,17,30,11,282,22,131
chr21:8400392-8400400,1,0.605231599195213,2,0.593312732403946,2,0.327983446480543,3
chr21:8400402-8400407,1,0.363138959517128,0.836517409569561,0.39554182160263,0.834155844006595,0.20498965405034,2
chr21:8400418-8400442,7,7,36,14,16,3,25
chr21:8400476-8400599,277,794,998,694,378,106,885
chr21:8400641-8400655,10,6,5,4,1,0,0
chr21:8400776-8400810,74,123,178,96,266,35,207
chr21:8400843-8400938,156,161,186,148,141,69,113
chr21:8400941-8401218,547,1131,1412,347,3155,450,2095
chr21:8401228-8401263,25,20,30,20,9,2,7
chr21:8401264-8401443,430,345,465,351,36,14,51
chr21:8401596-8401673,35,52,65,44,28,10,33
chr21:8401736-8401743,0.951151964094122,0,2,0.51420436808342,2,0,3
chr21:8401849-8401891,23,52,52,43,127,8,89
chr21:8401930-8401979,49,53,52,24,1,4,4
chr21:8433652-8433693,2,3,2,1,56,14,28
chr21:8433697-8433714,0.317050654698041,1,0.398341623604553,0.237325092961578,10,0.368981377290611,7
chr21:8434012-8434018,0.271757704026892,0,0.0398341623604553,0,3,0,3
chr21:8434352-8434371,0,1,1,0,80,5,48
chr21:8435161-8435178,0.543515408053784,0,0,0.0791083643205261,17,0,5
chr21:8436207-8436229,0,0.887673012152979,0,0,23,0,11
chr21:8436590-8436606,0,1,0,0,11,0.655966892961086,9
chr21:8436936-8437094,767,743,908,662,229,48,170
chr21:8437136-8437151,2,3,3,1,4,3,7
chr21:8437153-8437225,165,158,180,135,35,10,34
chr21:8437239-8437357,169,166,193,136,44,23,46
chr21:8437365-8437399,150,254,437,137,1424,111,755
chr21:8437402-8437405,1,0.968370558712341,1,1,0,0,0
chr21:8437459-8437613,157,359,410,355,277,66,398
chr21:8437619-8437645,19,18,10,1,0,0,0
chr21:8437646-8437650,2,2,1,0.751529461044998,0.222441558401759,0,0
chr21:8437708-8437897,567,496,603,356,47,8,48
chr21:8437898-8437932,77,63,76,80,11,9,16
chr21:8437968-8437987,31,21,47,22,20,4,11
chr21:8437990-8438118,329,459,599,502,386,104,401
chr21:8438180-8438252,297,238,326,294,50,17,53
chr21:8438285-8438351,28,67,110,73,43,11,79
chr21:8438441-8438443,0.271757704026892,1,0.956019896650927,0.553758550243683,0.111220779200879,0.163991723240272,0.0695505803102438
chr21:8438462-8438501,86,64,104,69,15,8,18
chr21:8438530-8438534,0.860566062751824,1,1,1,0.222441558401759,0.163991723240272,0.278202321240975
chr21:8438538-8438708,10497,11527,9719,7205,2130,509,1858
chr21:8438727-8438751,9,9,13,14,5,5,7
chr21:8438943-8438969,1,0.685929145754575,1,0.593312732403946,42,29,29
chr21:8439038-8439056,0,0,0.717014922488195,0.711975278884735,22,1,16
chr21:8439071-8439091,0.769980161409527,2,0,2,244,6,99
chr21:8439377-8439397,0.815273112080676,1,0.67718076012774,1,37,4,18
chr21:8439497-8439522,1,0,0.637346597767284,2,95,4,41
chr21:8439815-8439903,1549,1487,1548,1457,3776,5144,3630
chr21:8439941-8439978,147,293,263,127,246,123,262
chr21:8440233-8440265,0.724687210738378,3,2,1,116,104,94
chr21:8440378-8440408,1,0.766626692313936,0.67718076012774,2,53,2,24
chr21:8440471-8440489,0,0,0.717014922488195,0.039554182160263,19,0,11
chr21:8440493-8440511,0,0,0,0.51420436808342,19,0,11
chr21:8440543-8440564,0,0,0,0,108,0,6
chr21:8440759-8440777,0,0.726277919034256,0,0,26,1,19
chr21:8440780-8440796,0.67939426006723,2,0,0,8,2,7
chr21:8440917-8440936,1,0,0,3,32,3,15
chr21:8441078-8441102,0,0,0.717014922488195,0,172,3,109
chr21:8441107-8441123,0,0,0,0,7,0.655966892961086,7
chr21:8441143-8441264,6726,4372,3901,3280,8492,6839,3822
chr21:8441266-8441268,0.362343605369189,0.242092639678085,1,0.632866914564209,0.556103896004396,0.163991723240272,0.278202321240975
chr21:8441270-8441272,0.271757704026892,0.322790186237447,1,0.553758550243683,0.556103896004396,0.0819958616201358,0.55640464248195
chr21:8441275-8441392,277,395,473,450,252,203,403
chr21:8441527-8441610,350,205,288,182,551,220,194
chr21:8441614-8441651,13,15,19,9,123,23,63
chr21:8441716-8441752,6,11,11,2,249,39,118
chr21:8441776-8441828,7,10,30,4,120,7,63
chr21:8441843-8441926,83,133,200,54,496,80,310
chr21:8441957-8442006,16,47,36,16,251,9,126
chr21:8442062-8442130,100,278,198,59,1087,105,586
chr21:8442179-8442198,0,1,0.159336649441821,0.593312732403946,35,0.450977238910747,18
chr21:8442202-8442222,0,1,1,1,6,0,13
chr21:8442225-8442248,5,12,15,14,24,0,22
chr21:8442274-8442292,2,4,6,1,6,0.655966892961086,8
chr21:8442296-8442384,88,223,188,83,757,54,423
chr21:8442389-8442455,79,149,162,50,1052,111,527
chr21:8442466-8442527,155,214,276,205,283,98,256
chr21:8442528-8442533,3,2,2,0.791083643205261,0.278051948002198,0,0.278202321240975
chr21:8442540-8442582,27,50,118,37,109,10,101
chr21:8442606-8442615,1,3,3,3,1,0.245987584860407,4
chr21:8442620-8442646,6,19,15,3,19,3,21
chr21:8442685-8442857,462,590,681,545,300,181,381
chr21:8442863-8442922,156,115,135,150,3,4,10
chr21:8442938-8442990,108,160,180,131,87,22,90
chr21:8443025-8443067,63,44,83,50,14,7,15
chr21:8443138-8443261,101,192,193,136,157,62,187
chr21:8443269-8443301,9,19,17,24,21,0.696964823771154,24
chr21:8443317-8443326,1,0.726277919034256,2,0.711975278884735,5,0,4
chr21:8443393-8443558,640,564,702,573,421,149,283
chr21:8443608-8443775,415,840,520,204,902,983,955
chr21:8443853-8444129,2003,2704,2623,2176,1328,1626,2042
chr21:8444239-8444260,2,5,14,8,2,0,11
chr21:8444266-8444289,9,19,29,24,40,1,38
chr21:8444336-8444445,4490,5302,3404,3577,268,50,338
chr21:8444448-8444467,10,25,12,8,28,8,24
chr21:8444487-8444510,24,9,27,46,13,0.163991723240272,3
chr21:8444517-8444558,13,17,30,11,282,22,131
chr21:8444628-8444635,1,0.524534052635851,2,0.276879275121841,2,0.286985515670475,3
chr21:8444641-8444642,0.181171802684595,0,0.0796683247209106,0.039554182160263,0.166831168801319,0.0409979308100679,1
chr21:8444645-8444674,8,8,39,11,22,3,29
chr21:8444708-8444831,277,794,998,694,378,106,885
chr21:8444873-8444887,10,6,5,4,1,0,0
chr21:8445008-8445042,74,123,178,96,266,35,207
chr21:8445075-8445170,156,161,186,148,141,69,113
chr21:8445173-8445450,547,1131,1412,347,3155,450,2095
chr21:8445460-8445495,25,20,30,20,9,2,7
chr21:8445496-8445675,430,345,465,351,36,14,51
chr21:8445828-8445905,35,52,65,44,28,10,33
chr21:8445967-8445974,0.951151964094122,0,2,0.51420436808342,2,0,3
chr21:8446080-8446122,23,52,52,43,127,8,89
chr21:8446161-8446210,49,53,52,24,1,4,4
chr21:8987499-8987521,0,0.887673012152979,0,0,23,0,11
chr21:8987883-8987899,0,1,0,0,11,0.655966892961086,9
chr21:8988211-8988212,0.181171802684595,0.363138959517128,0.517844110685919,0.158216728641052,0.333662337602638,0,0.0695505803102438
chr21:8988222-8988390,792,763,937,678,238,48,175
chr21:8988432-8988447,2,3,1,1,4,3,7
chr21:8988449-8988475,33,31,36,20,4,2,4
chr21:8988535-8988653,169,166,193,136,44,23,46
chr21:8988661-8988695,150,254,437,136,1424,111,754
chr21:10014883-10014899,1,2,2,1,0.611714285604836,4,6
chr21:14085058-14085074,7,15,11,8,2,0.655966892961086,5
chr22:11251360-11251378,10,9,9,11,0,0.409979308100679,1
chr22:11251458-11251477,91,71,85,81,20,3,15
chr22:11251949-11251983,35,19,40,1,1,1,0
chr22:11629625-11629643,5,13,12,6,3,0,5
chr22:11629918-11629933,9,6,5,3,0,0,0
chr22:11630235-11630253,19,25,18,16,8,0,5
chr22:11630380-11630424,82,72,70,41,10,1,4
chr22:11630959-11630987,16,41,57,31,31,6,46
chr22:20858746-20858762,15,25,20,10,8,6,10
chr22:21856332-21856345,3,5,7,1,3,1,4
chr22:22756209-22756225,11,12,10,7,2,0.655966892961086,2
chr22:22788848-22788866,164,91,57,18,0,0,0
chr22:30969480-30969497,37,52,40,26,8,6,10
chr22:31678946-31678962,9,9,4,1,0,0,0
chr22:40764713-40764729,0.724687210738378,0,0.637346597767284,0,3,12,7
chr22:41065622-41065646,106963,89997,92595,71865,40,24,424
chr22:42565148-42565164,0.724687210738378,0,0.995854059011382,0.632866914564209,8,10,7
chr22:42614624-42614641,0,0,0,0,7,0.655966892961086,7
chr22:43401295-43401311,3,3,3,3,14,12,10
chr22:46104236-46104252,13,9,10,4,0,0,0
chr22:46180799-46180817,27,26,30,20,8,3,8
chrX:3722726-3722751,5055,4267,5141,3736,35,9,108
chrX:8970857-8970874,1,2,0.637346597767284,1,43,3,19
chrX:10285747-10285780,67,107,79,34,529,367,330
chrX:19376773-19376797,52,49,61,32,0,6,3
chrX:20612198-20612214,2,4,2,2,5,5,7
chrX:39561739-39561757,0,0,0,0,14,7,12
chrX:45088227-45088243,6,4,9,8,4,3,4
chrX:50631817-50631833,2,3,0.517844110685919,2,11,6,6
chrX:63879088-63879104,15,7,5,10,0,0,0
chrX:65017958-65017987,516,605,480,391,411,374,375
chrX:65685516-65685543,117102,101141,101673,77300,44,30,489
chrX:89706689-89706712,13,17,11,15,21,13,19
chrX:94937287-94937303,41,50,32,17,0.889766233607034,0.614968962151018,2
chrX:100573482-100573498,2,3,0.637346597767284,3,15,2,10
chrX:101830423-101830440,0,0,0,0,15,9,12
chrX:102328403-102328420,0,0,0,0,15,9,12
chrX:102358694-102358711,0,0,0,0,15,9,12
chrX:109054122-109054141,9,13,13,5,11,13,12
chrX:109054192-109054212,20,11,7,7,1,0,0
chrX:109054217-109054244,15,25,32,22,5,3,9
chrX:109054245-109054256,3,3,5,5,0,0,2
chrX:109054347-109054367,7,13,18,15,0,7,9
chrX:109054380-109054402,17,14,15,19,0.945376623207474,0.696964823771154,3
chrX:109054413-109054447,17,19,20,12,65,29,42
chrX:109054492-109054558,265,424,597,87,2548,817,1549
chrX:109054565-109054588,14,14,17,11,2,2,4
chrX:119434663-119434683,17,18,10,17,3,0.819958616201358,3
chrX:126472531-126472549,0,1,0.67718076012774,0,14,8,18
chrX:127844435-127844451,1,4,4,1,1,2,8
chrX:129742197-129742213,14,10,9,4,0,0,0
chrX:130087016-130087032,0,0.645580372474894,0.637346597767284,0.632866914564209,23,7,13
chrX:150371421-150371437,3,4,7,2,7,11,8
chrY:3367775-3367798,8,11,8,10,11,11,13
chrY:7063165-7063181,10,10,16,6,6,4,6
chrY:10198501-10198521,8,18,8,8,18,4,17
chrY:10198523-10198541,3,4,9,1,63,115,73
chrY:10200163-10200180,3,7,4,2,11,7,7
chrY:17580438-17580454,7,15,11,8,2,0.655966892961086,5
chrY:18325552-18325568,7,15,11,8,2,0.655966892961086,5
chrM:870-888,0,1,0.67718076012774,0,14,8,18
chrM:1167-1179,0.543515408053784,1,0.478009948325463,0,5,3,5
chrM:1415-1425,1,0,4,2,0,0.327983446480543,4
chrM:1444-1469,3,2,11,4,0,11,12
chrM:2240-2280,5,4,11,1,11,25,20
chrM:2813-2829,0,1,0.438175785965008,0.0791083643205261,22,1,15
chrM:3128-3148,7,8,12,7,0,2,1
chrM:4331-4399,52,84,27,124,250,58,168
chrM:4401-4451,17,26,49,37,13,18,39
chrM:5204-5224,1,0,2,0,27,10,15
chrM:5588-5618,2,5,3,1,28,8,20
chrM:5762-5781,2,2,4,4,0.778545454406155,4,7
chrM:5862-5879,1,1,1,4,7,1,10
chrM:7447-7480,41,86,162,151,24,28,147
chrM:7486-7514,19,20,16,23,43,164,96
chrM:7646-7669,40,81,85,83,37,28,82
chrM:12206-12232,6,8,9,2,50,67,50
chrM:12447-12465,0.815273112080676,0.726277919034256,4,9,1,4,9
chrM:12694-12710,1,0,0,2,8,0.655966892961086,5
chrM:14117-14119,0.271757704026892,0.564882825915532,0.398341623604553,0.158216728641052,0,0.163991723240272,1
chrM:14351-14371,0.0905859013422973,1,0,1,10,1,9
chrM:14640-14742,65,92,92,121,147,34,133
chrM:15925-15926,0.0905859013422973,0.0806975465593617,0.0796683247209106,0.0791083643205261,0.111220779200879,0.122993792430204,1
chrM:15929-15938,0.815273112080676,0.726277919034256,0.717014922488195,0.711975278884735,1,3,4
chrM:15964-15987,3,4,4,2,6,8,10
chr1_KI270713v1_random:21860-21922,11,33,14,3,257,98,142
chr22_KI270733v1_random:112497-112527,51,39,59,35,6,2,7
chr22_KI270733v1_random:122703-122744,2,3,2,1,56,14,28
chr22_KI270733v1_random:122748-122765,0.317050654698041,1,0.398341623604553,0.237325092961578,10,0.368981377290611,7
chr22_KI270733v1_random:122917-122936,2,0,4,5,12,0.655966892961086,9
chr22_KI270733v1_random:123064-123070,0.271757704026892,0,0.0398341623604553,0,3,0,3
chr22_KI270733v1_random:123404-123423,0,1,1,0,80,5,48
chr22_KI270733v1_random:125258-125280,0,0.887673012152979,0,0,23,0,11
chr22_KI270733v1_random:125641-125657,0,1,0,0,11,0.655966892961086,9
chr22_KI270733v1_random:125970-125971,0.181171802684595,0.363138959517128,0.517844110685919,0.158216728641052,0.333662337602638,0,0.0695505803102438
chr22_KI270733v1_random:125981-126149,792,763,937,678,238,48,175
chr22_KI270733v1_random:126191-126206,2,3,3,1,4,3,7
chr22_KI270733v1_random:126208-126280,165,158,180,135,35,10,34
chr22_KI270733v1_random:126294-126412,169,166,193,136,44,23,46
chr22_KI270733v1_random:126420-126454,150,254,437,137,1424,111,755
chr22_KI270733v1_random:126457-126460,1,0.968370558712341,1,1,0,0,0
chr22_KI270733v1_random:126514-126668,157,359,410,355,277,66,398
chr22_KI270733v1_random:126674-126700,19,18,10,1,0,0,0
chr22_KI270733v1_random:126701-126705,2,2,1,0.751529461044998,0.222441558401759,0,0
chr22_KI270733v1_random:126763-126952,568,495,604,356,47,8,48
chr22_KI270733v1_random:126953-127008,98,77,103,100,11,10,18
chr22_KI270733v1_random:127015-127042,40,29,56,25,21,4,12
chr22_KI270733v1_random:127044-127173,337,464,603,506,387,104,396
chr22_KI270733v1_random:127179-127482,1155,1522,2088,1836,926,1234,1822
chr22_KI270733v1_random:127483-127485,0.362343605369189,0.726277919034256,1,0.632866914564209,0.111220779200879,0.122993792430204,0.139101160620488
chr22_KI270733v1_random:127495-127498,0.407636556040338,1,1,0.949300371846313,0.166831168801319,0.245987584860407,0.139101160620488
chr22_KI270733v1_random:127517-127556,86,64,104,69,15,8,18
chr22_KI270733v1_random:127585-127589,0.860566062751824,1,1,1,0.222441558401759,0.163991723240272,0.278202321240975
chr22_KI270733v1_random:127593-127763,10497,11527,9719,7205,2130,509,1858
chr22_KI270733v1_random:127782-127806,9,9,13,14,5,5,7
chr22_KI270733v1_random:128000-128025,9,16,3,10,65,48,50
chr22_KI270733v1_random:128093-128111,0,0,0.717014922488195,0.711975278884735,22,1,16
chr22_KI270733v1_random:128126-128146,0.769980161409527,2,0,2,244,6,99
chr22_KI270733v1_random:128432-128452,0.815273112080676,1,0.67718076012774,1,37,4,18
chr22_KI270733v1_random:128552-128577,1,0,0.637346597767284,2,95,4,41
chr22_KI270733v1_random:128869-129032,2090,2143,2160,1920,4199,5193,3941
chr22_KI270733v1_random:129287-129319,0.724687210738378,3,2,1,116,104,94
chr22_KI270733v1_random:129432-129462,1,0.766626692313936,0.67718076012774,2,53,2,24
chr22_KI270733v1_random:129525-129543,0,0,0.717014922488195,0.039554182160263,19,0,11
chr22_KI270733v1_random:129547-129565,0,0,0,0.51420436808342,19,0,11
chr22_KI270733v1_random:129597-129618,0,0,0,0,108,0,6
chr22_KI270733v1_random:129817-129835,0,0.726277919034256,0,0,26,1,19
chr22_KI270733v1_random:129838-129854,0.67939426006723,2,0,0,8,2,7
chr22_KI270733v1_random:129975-129994,1,0,0,3,32,3,15
chr22_KI270733v1_random:130136-130160,0,0,0.717014922488195,0,172,3,109
chr22_KI270733v1_random:130165-130181,0,0,0,0,7,0.655966892961086,7
chr22_KI270733v1_random:130201-130322,6726,4372,3901,3280,8492,6839,3822
chr22_KI270733v1_random:130324-130326,0.362343605369189,0.242092639678085,1,0.632866914564209,0.556103896004396,0.163991723240272,0.278202321240975
chr22_KI270733v1_random:130328-130330,0.271757704026892,0.322790186237447,1,0.553758550243683,0.556103896004396,0.0819958616201358,0.55640464248195
chr22_KI270733v1_random:130333-130450,277,395,473,450,252,203,403
chr22_KI270733v1_random:130463-130668,431,477,616,479,980,389,713
chr22_KI270733v1_random:130672-130709,13,15,19,9,123,23,63
chr22_KI270733v1_random:130774-130810,6,11,11,2,249,39,118
chr22_KI270733v1_random:130834-130886,7,10,30,4,120,7,63
chr22_KI270733v1_random:130901-130984,83,133,200,54,496,80,310
chr22_KI270733v1_random:131015-131064,16,47,36,16,251,9,126
chr22_KI270733v1_random:131120-131188,100,278,198,59,1087,105,586
chr22_KI270733v1_random:131237-131256,0,1,0.159336649441821,0.593312732403946,35,0.450977238910747,18
chr22_KI270733v1_random:131260-131280,0,1,1,1,6,0,13
chr22_KI270733v1_random:131283-131306,5,12,15,14,24,0,22
chr22_KI270733v1_random:131332-131350,2,4,6,1,6,0.655966892961086,8
chr22_KI270733v1_random:131354-131442,88,223,188,83,757,54,423
chr22_KI270733v1_random:131447-131513,79,149,162,50,1052,111,527
chr22_KI270733v1_random:131524-131585,155,214,276,205,283,98,256
chr22_KI270733v1_random:131586-131591,3,2,2,0.791083643205261,0.278051948002198,0,0.278202321240975
chr22_KI270733v1_random:131598-131640,27,50,118,37,109,10,101
chr22_KI270733v1_random:131662-131915,577,1092,1250,1070,759,330,1148
chr22_KI270733v1_random:131921-131981,157,115,136,151,3,4,10
chr22_KI270733v1_random:131994-132319,1038,1786,2325,1704,2416,480,2408
chr22_KI270733v1_random:132327-132359,9,19,17,24,21,0.696964823771154,24
chr22_KI270733v1_random:132450-132832,1143,1742,1777,1286,1256,985,1623
chr22_KI270733v1_random:132840-133186,2227,2879,2821,2330,1381,1664,2048
chr22_KI270733v1_random:133296-133317,2,5,14,8,2,0,11
chr22_KI270733v1_random:133323-133346,9,19,29,24,40,1,38
chr22_KI270733v1_random:133392-133501,4490,5302,3404,3577,268,50,338
chr22_KI270733v1_random:133504-133523,10,25,12,8,28,8,24
chr22_KI270733v1_random:133546-133569,24,9,27,46,13,0.163991723240272,3
chr22_KI270733v1_random:133576-133620,13,18,25,11,282,19,129
chr22_KI270733v1_random:133689-133706,2,0.847324238873298,3,0.672421096724472,7,0.614968962151018,6
chr22_KI270733v1_random:133715-133742,7,8,39,11,20,3,28
chr22_KI270733v1_random:133776-133992,374,1032,1251,934,448,167,1091
chr22_KI270733v1_random:133993-134238,1007,945,1118,902,641,288,488
chr22_KI270733v1_random:134241-134518,547,1131,1412,347,3155,450,2095
chr22_KI270733v1_random:134528-134563,25,20,30,20,9,2,7
chr22_KI270733v1_random:134564-134767,461,378,495,376,40,17,57
chr22_KI270733v1_random:134768-134973,260,233,299,220,45,23,55
chr22_KI270733v1_random:135036-135043,0.951151964094122,0,2,0.51420436808342,2,0,3
chr22_KI270733v1_random:135065-135086,9,13,19,9,25,5,20
chr22_KI270733v1_random:135097-135131,68,233,211,108,71,42,189
chr22_KI270733v1_random:135148-135279,201,268,295,235,138,41,135
chr22_KI270733v1_random:167786-167827,2,3,2,1,56,14,28
chr22_KI270733v1_random:167831-167848,0.317050654698041,1,0.398341623604553,0.237325092961578,10,0.368981377290611,7
chr22_KI270733v1_random:168147-168153,0,0,0.0398341623604553,0,3,0,3
chr22_KI270733v1_random:168487-168506,0,1,1,0,80,5,48
chr22_KI270733v1_random:169298-169315,0.543515408053784,0,0,0.0791083643205261,17,0,5
chr22_KI270733v1_random:170344-170366,0,0.887673012152979,0,0,23,0,11
chr22_KI270733v1_random:170727-170743,0,1,0,0,11,0.655966892961086,9
chr22_KI270733v1_random:171051-171052,0.181171802684595,0.363138959517128,0.517844110685919,0.158216728641052,0.333662337602638,0,0.0695505803102438
chr22_KI270733v1_random:171062-171230,792,763,937,678,238,48,175
chr22_KI270733v1_random:171272-171287,2,3,3,1,4,3,7
chr22_KI270733v1_random:171289-171361,165,158,180,135,35,10,34
chr22_KI270733v1_random:171375-171493,169,166,193,136,44,23,46
chr22_KI270733v1_random:171501-171535,150,254,437,137,1424,111,755
chr22_KI270733v1_random:171538-171541,1,0.968370558712341,1,1,0,0,0
chr22_KI270733v1_random:171595-171749,157,359,410,355,277,66,398
chr22_KI270733v1_random:171755-171781,19,18,10,1,0,0,0
chr22_KI270733v1_random:171782-171786,2,2,1,0.751529461044998,0.222441558401759,0,0
chr22_KI270733v1_random:171844-172033,568,495,604,356,47,8,48
chr22_KI270733v1_random:172034-172089,98,77,103,100,11,10,18
chr22_KI270733v1_random:172096-172123,40,29,56,25,21,4,12
chr22_KI270733v1_random:172125-172254,337,464,603,506,387,104,396
chr22_KI270733v1_random:172260-172563,1155,1522,2088,1836,926,1234,1822
chr22_KI270733v1_random:172564-172566,0.362343605369189,0.726277919034256,1,0.632866914564209,0.111220779200879,0.122993792430204,0.139101160620488
chr22_KI270733v1_random:172576-172579,0.407636556040338,1,1,0.949300371846313,0.166831168801319,0.245987584860407,0.139101160620488
chr22_KI270733v1_random:172598-172637,86,64,104,69,15,8,18
chr22_KI270733v1_random:172666-172670,0.860566062751824,1,1,1,0.222441558401759,0.163991723240272,0.278202321240975
chr22_KI270733v1_random:172674-172844,10497,11527,9719,7205,2130,509,1858
chr22_KI270733v1_random:172863-172887,9,9,13,14,5,5,7
chr22_KI270733v1_random:173079-173104,9,17,3,10,61,49,50
chr22_KI270733v1_random:173172-173190,0,0,0.717014922488195,0.711975278884735,22,1,16
chr22_KI270733v1_random:173205-173225,0.769980161409527,2,0,2,244,6,99
chr22_KI270733v1_random:173510-173530,0.815273112080676,1,0.67718076012774,1,37,4,18
chr22_KI270733v1_random:173630-173655,1,0,0.637346597767284,2,95,4,41
chr22_KI270733v1_random:173948-174111,2090,2143,2160,1920,4199,5193,3941
chr22_KI270733v1_random:174366-174398,0.724687210738378,3,2,1,116,104,94
chr22_KI270733v1_random:174511-174541,1,0.766626692313936,0.67718076012774,2,53,2,24
chr22_KI270733v1_random:174604-174622,0,0,0.717014922488195,0.039554182160263,19,0,11
chr22_KI270733v1_random:174626-174644,0,0,0,0.51420436808342,19,0,11
chr22_KI270733v1_random:174676-174697,0,0,0,0,108,0,6
chr22_KI270733v1_random:174896-174914,0,0.726277919034256,0,0,26,1,19
chr22_KI270733v1_random:174917-174933,0.67939426006723,2,0,0,8,2,7
chr22_KI270733v1_random:175054-175073,1,0,0,3,32,3,15
chr22_KI270733v1_random:175215-175239,0,0,0.717014922488195,0,172,3,109
chr22_KI270733v1_random:175244-175260,0,0,0,0,7,0.655966892961086,7
chr22_KI270733v1_random:175280-175401,6726,4372,3901,3280,8492,6839,3822
chr22_KI270733v1_random:175403-175405,0.362343605369189,0.242092639678085,1,0.632866914564209,0.556103896004396,0.163991723240272,0.278202321240975
chr22_KI270733v1_random:175407-175409,0.271757704026892,0.322790186237447,1,0.553758550243683,0.556103896004396,0.0819958616201358,0.55640464248195
chr22_KI270733v1_random:175412-175529,277,395,473,450,252,203,403
chr22_KI270733v1_random:175542-175747,431,477,616,479,980,389,713
chr22_KI270733v1_random:175751-175788,13,15,19,9,123,23,63
chr22_KI270733v1_random:175853-175889,6,11,11,2,249,39,118
chr22_KI270733v1_random:175913-175965,7,10,30,4,120,7,63
chr22_KI270733v1_random:175980-176063,83,133,200,54,496,80,310
chr22_KI270733v1_random:176094-176143,16,47,36,16,251,9,126
chr22_KI270733v1_random:176199-176267,100,278,198,59,1087,105,586
chr22_KI270733v1_random:176316-176335,0,1,0.159336649441821,0.593312732403946,35,0.450977238910747,18
chr22_KI270733v1_random:176339-176359,0,1,1,1,6,0,13
chr22_KI270733v1_random:176362-176385,5,12,15,14,24,0,22
chr22_KI270733v1_random:176411-176429,2,4,6,1,6,0.655966892961086,8
chr22_KI270733v1_random:176433-176521,88,223,188,83,757,54,423
chr22_KI270733v1_random:176526-176592,79,149,162,50,1052,111,527
chr22_KI270733v1_random:176603-176664,155,214,276,205,283,98,256
chr22_KI270733v1_random:176665-176670,3,2,2,0.791083643205261,0.278051948002198,0,0.278202321240975
chr22_KI270733v1_random:176677-176719,27,50,118,37,109,10,101
chr22_KI270733v1_random:176741-176994,577,1092,1250,1070,759,330,1148
chr22_KI270733v1_random:177000-177060,157,115,136,151,3,4,10
chr22_KI270733v1_random:177073-177398,1038,1786,2325,1704,2416,480,2408
chr22_KI270733v1_random:177406-177438,9,19,17,24,21,0.696964823771154,24
chr22_KI270733v1_random:177529-177911,1143,1742,1777,1286,1256,985,1623
chr22_KI270733v1_random:177919-178265,2227,2879,2821,2330,1381,1664,2048
chr22_KI270733v1_random:178375-178396,2,5,14,8,2,0,11
chr22_KI270733v1_random:178402-178425,9,19,29,24,40,1,38
chr22_KI270733v1_random:178471-178580,4490,5302,3404,3577,268,50,338
chr22_KI270733v1_random:178583-178602,10,25,12,8,28,8,24
chr22_KI270733v1_random:178625-178648,24,9,27,46,13,0.163991723240272,3
chr22_KI270733v1_random:178655-178699,13,18,25,11,282,19,129
chr22_KI270733v1_random:178768-178785,2,0.847324238873298,3,0.672421096724472,7,0.614968962151018,6
chr22_KI270733v1_random:178794-178821,7,8,39,11,20,3,28
chr22_KI270733v1_random:178855-179071,374,1032,1251,934,448,167,1091
chr22_KI270733v1_random:179072-179317,1007,945,1118,902,641,288,488
chr22_KI270733v1_random:179320-179597,547,1131,1412,347,3155,450,2095
chr22_KI270733v1_random:179607-179642,25,20,30,20,9,2,7
chr22_KI270733v1_random:179643-179761,204,161,226,169,27,10,32
chrUn_KI270442v1:217292-217313,7,10,10,6,2,0,2
chrUn_KI270442v1:218820-218838,9,9,7,12,0,0.409979308100679,1
chrUn_KI270442v1:218919-218941,140,103,137,127,16,3,17
chrUn_KI270442v1:219021-219039,5,7,10,1,65,115,75
chrUn_KI270442v1:219416-219452,90,95,93,46,14,1,9
chrUn_KI270442v1:219630-219668,24,21,22,21,9,0.860956547011426,6
chrUn_GL000220v1:95769-95799,51,39,59,35,6,2,7
chrUn_GL000220v1:105854-105895,2,3,2,1,56,14,28
chrUn_GL000220v1:105899-105916,0.317050654698041,1,0.398341623604553,0.237325092961578,10,0.368981377290611,7
chrUn_GL000220v1:106214-106220,0.271757704026892,0,0.0398341623604553,0,3,0,3
chrUn_GL000220v1:106554-106573,0,1,1,0,80,5,48
chrUn_GL000220v1:107363-107380,0.543515408053784,0,0,0.0791083643205261,17,0,5
chrUn_GL000220v1:108409-108431,0,0.887673012152979,0,0,23,0,11
chrUn_GL000220v1:108792-108808,0,1,0,0,11,0.655966892961086,9
chrUn_GL000220v1:109138-109296,767,743,908,662,229,48,170
chrUn_GL000220v1:109338-109353,2,3,3,1,4,3,7
chrUn_GL000220v1:109355-109427,165,158,180,135,35,10,34
chrUn_GL000220v1:109441-109559,169,166,193,136,44,23,46
chrUn_GL000220v1:109567-109601,150,254,437,137,1424,111,755
chrUn_GL000220v1:109604-109607,1,0.968370558712341,1,1,0,0,0
chrUn_GL000220v1:109661-109815,157,359,410,355,277,66,398
chrUn_GL000220v1:109821-109847,19,18,10,1,0,0,0
chrUn_GL000220v1:109848-109852,2,2,1,0.751529461044998,0.222441558401759,0,0
chrUn_GL000220v1:109910-110099,568,495,604,356,47,8,48
chrUn_GL000220v1:110100-110155,98,77,103,100,11,10,18
chrUn_GL000220v1:110162-110189,40,29,56,25,21,4,12
chrUn_GL000220v1:110191-110320,337,464,603,506,387,104,396
chrUn_GL000220v1:110326-110629,1155,1522,2088,1836,926,1234,1822
chrUn_GL000220v1:110630-110632,0.362343605369189,0.726277919034256,1,0.632866914564209,0.111220779200879,0.122993792430204,0.139101160620488
chrUn_GL000220v1:110642-110645,0.407636556040338,1,1,0.949300371846313,0.166831168801319,0.245987584860407,0.139101160620488
chrUn_GL000220v1:110664-110703,86,64,104,69,15,8,18
chrUn_GL000220v1:110732-110736,0.860566062751824,1,1,1,0.222441558401759,0.163991723240272,0.278202321240975
chrUn_GL000220v1:110740-110910,10497,11527,9719,7205,2130,509,1858
chrUn_GL000220v1:110929-110953,9,9,13,14,5,5,7
chrUn_GL000220v1:111145-111171,1,0.685929145754575,1,0.593312732403946,42,29,29
chrUn_GL000220v1:111240-111258,0,0,0.717014922488195,0.711975278884735,22,1,16
chrUn_GL000220v1:111273-111293,0.769980161409527,2,0,2,244,6,99
chrUn_GL000220v1:111579-111599,0.815273112080676,1,0.67718076012774,1,37,4,18
chrUn_GL000220v1:111699-111724,1,0,0.637346597767284,2,95,4,41
chrUn_GL000220v1:112017-112180,2090,2143,2160,1920,4199,5193,3941
chrUn_GL000220v1:112435-112467,0.724687210738378,3,2,1,116,104,94
chrUn_GL000220v1:112580-112610,1,0.766626692313936,0.67718076012774,2,53,2,24
chrUn_GL000220v1:112673-112691,0,0,0.717014922488195,0.039554182160263,19,0,11
chrUn_GL000220v1:112695-112713,0,0,0,0.51420436808342,19,0,11
chrUn_GL000220v1:112745-112766,0,0,0,0,108,0,6
chrUn_GL000220v1:112961-112979,0,0.726277919034256,0,0,26,1,19
chrUn_GL000220v1:112982-112998,0.67939426006723,2,0,0,8,2,7
chrUn_GL000220v1:113119-113138,1,0,0,3,32,3,15
chrUn_GL000220v1:113280-113304,0,0,0.717014922488195,0,172,3,109
chrUn_GL000220v1:113309-113325,0,0,0,0,7,0.655966892961086,7
chrUn_GL000220v1:113345-113466,6726,4372,3901,3280,8492,6839,3822
chrUn_GL000220v1:113468-113470,0.362343605369189,0.242092639678085,1,0.632866914564209,0.556103896004396,0.163991723240272,0.278202321240975
chrUn_GL000220v1:113472-113474,0.271757704026892,0.322790186237447,1,0.553758550243683,0.556103896004396,0.0819958616201358,0.55640464248195
chrUn_GL000220v1:113477-113594,277,395,473,450,252,203,403
chrUn_GL000220v1:113607-113812,431,477,616,479,980,389,713
chrUn_GL000220v1:113816-113853,13,15,19,9,123,23,63
chrUn_GL000220v1:113918-113954,6,11,11,2,249,39,118
chrUn_GL000220v1:113978-114030,7,10,30,4,120,7,63
chrUn_GL000220v1:114045-114128,83,133,200,54,496,80,310
chrUn_GL000220v1:114159-114208,16,47,36,16,251,9,126
chrUn_GL000220v1:114264-114332,100,278,198,59,1087,105,586
chrUn_GL000220v1:114381-114400,0,1,0.159336649441821,0.593312732403946,35,0.450977238910747,18
chrUn_GL000220v1:114404-114424,0,1,1,1,6,0,13
chrUn_GL000220v1:114427-114450,5,12,15,14,24,0,22
chrUn_GL000220v1:114476-114494,2,4,6,1,6,0.655966892961086,8
chrUn_GL000220v1:114498-114586,88,223,188,83,757,54,423
chrUn_GL000220v1:114591-114657,79,149,162,50,1052,111,527
chrUn_GL000220v1:114668-114729,155,214,276,205,283,98,256
chrUn_GL000220v1:114730-114735,3,2,2,0.791083643205261,0.278051948002198,0,0.278202321240975
chrUn_GL000220v1:114742-114784,27,50,118,37,109,10,101
chrUn_GL000220v1:114806-115059,577,1092,1250,1070,759,330,1148
chrUn_GL000220v1:115065-115125,157,115,136,151,3,4,10
chrUn_GL000220v1:115138-115463,1038,1786,2325,1704,2416,480,2408
chrUn_GL000220v1:115471-115503,9,19,17,24,21,0.696964823771154,24
chrUn_GL000220v1:115519-115528,1,0.726277919034256,2,0.711975278884735,5,0,4
chrUn_GL000220v1:115595-115977,1143,1742,1777,1286,1256,985,1623
chrUn_GL000220v1:115985-116331,2227,2879,2821,2330,1381,1664,2048
chrUn_GL000220v1:116441-116462,2,5,14,8,2,0,11
chrUn_GL000220v1:116468-116491,9,19,29,24,40,1,38
chrUn_GL000220v1:116538-116647,4490,5302,3404,3577,268,50,338
chrUn_GL000220v1:116650-116669,10,25,12,8,28,8,24
chrUn_GL000220v1:116689-116712,24,9,27,46,13,0.163991723240272,3
chrUn_GL000220v1:116719-116760,13,17,30,11,282,22,131
chrUn_GL000220v1:116829-116837,1,0.605231599195213,2,0.593312732403946,2,0.327983446480543,3
chrUn_GL000220v1:116839-116844,1,0.363138959517128,0.836517409569561,0.39554182160263,0.834155844006595,0.20498965405034,2
chrUn_GL000220v1:116855-116879,7,7,36,14,16,3,25
chrUn_GL000220v1:116913-117129,374,1032,1251,934,448,167,1091
chrUn_GL000220v1:117130-117375,1007,945,1118,902,641,288,488
chrUn_GL000220v1:117378-117655,547,1131,1412,347,3155,450,2095
chrUn_GL000220v1:117665-117700,25,20,30,20,9,2,7
chrUn_GL000220v1:117701-117904,461,378,495,376,40,17,57
chrUn_GL000220v1:117905-118110,260,233,299,220,45,23,55
chrUn_GL000220v1:118173-118180,0.951151964094122,0,2,0.51420436808342,2,0,3
chrUn_GL000220v1:118202-118223,9,13,19,9,25,5,20
chrUn_GL000220v1:118234-118253,114,138,122,65,14,0,8
chrUn_GL000220v1:118286-118416,198,268,295,234,138,41,136
chrUn_GL000220v1:149826-149867,2,3,2,1,56,14,28
chrUn_GL000220v1:149871-149888,0.317050654698041,1,0.398341623604553,0.237325092961578,10,0.368981377290611,7
chrUn_GL000220v1:150186-150192,0.271757704026892,0,0.0398341623604553,0,3,0,3
chrUn_GL000220v1:150526-150545,0,1,1,0,80,5,48
chrUn_GL000220v1:151335-151352,0.543515408053784,0,0,0.0791083643205261,17,0,5
chrUn_GL000220v1:152381-152403,0,0.887673012152979,0,0,23,0,11
chrUn_GL000220v1:152764-152780,0,1,0,0,11,0.655966892961086,9
chrUn_GL000220v1:153110-153268,767,743,908,662,229,48,170
chrUn_GL000220v1:153310-153325,2,3,3,1,4,3,7
chrUn_GL000220v1:153327-153399,165,158,180,135,35,10,34
chrUn_GL000220v1:153413-153531,169,166,193,136,44,23,46
chrUn_GL000220v1:153539-153573,150,254,437,137,1424,111,755
chrUn_GL000220v1:153576-153579,1,0.968370558712341,1,1,0,0,0
chrUn_GL000220v1:153633-153787,157,359,410,355,277,66,398
chrUn_GL000220v1:153793-153819,19,18,10,1,0,0,0
chrUn_GL000220v1:153820-153824,2,2,1,0.751529461044998,0.222441558401759,0,0
chrUn_GL000220v1:153882-154071,568,495,604,356,47,8,48
chrUn_GL000220v1:154072-154127,98,77,103,100,11,10,18
chrUn_GL000220v1:154134-154161,40,29,56,25,21,4,12
chrUn_GL000220v1:154163-154292,337,464,603,506,387,104,396
chrUn_GL000220v1:154298-154601,1155,1522,2088,1836,926,1234,1822
chrUn_GL000220v1:154602-154604,0.362343605369189,0.726277919034256,1,0.632866914564209,0.111220779200879,0.122993792430204,0.139101160620488
chrUn_GL000220v1:154614-154617,0.407636556040338,1,1,0.949300371846313,0.166831168801319,0.245987584860407,0.139101160620488
chrUn_GL000220v1:154636-154675,86,64,104,69,15,8,18
chrUn_GL000220v1:154704-154708,0.860566062751824,1,1,1,0.222441558401759,0.163991723240272,0.278202321240975
chrUn_GL000220v1:154712-154882,10497,11527,9719,7205,2130,509,1858
chrUn_GL000220v1:154901-154925,9,9,13,14,5,5,7
chrUn_GL000220v1:155117-155143,1,0.685929145754575,1,0.593312732403946,42,29,29
chrUn_GL000220v1:155212-155230,0,0,0.717014922488195,0.711975278884735,22,1,16
chrUn_GL000220v1:155245-155265,0.769980161409527,2,0,2,244,6,99
chrUn_GL000220v1:155551-155571,0.815273112080676,1,0.67718076012774,1,37,4,18
chrUn_GL000220v1:155671-155696,1,0,0.637346597767284,2,95,4,41
chrUn_GL000220v1:155989-156152,2090,2143,2160,1920,4199,5193,3941
chrUn_GL000220v1:156407-156439,0.724687210738378,3,2,1,116,104,94
chrUn_GL000220v1:156552-156582,1,0.766626692313936,0.67718076012774,2,53,2,24
chrUn_GL000220v1:156645-156663,0,0,0.717014922488195,0.039554182160263,19,0,11
chrUn_GL000220v1:156667-156685,0,0,0,0.51420436808342,19,0,11
chrUn_GL000220v1:156717-156738,0,0,0,0,108,0,6
chrUn_GL000220v1:156933-156951,0,0.726277919034256,0,0,26,1,19
chrUn_GL000220v1:156954-156970,0.67939426006723,2,0,0,8,2,7
chrUn_GL000220v1:157091-157110,1,0,0,3,32,3,15
chrUn_GL000220v1:157252-157276,0,0,0.717014922488195,0,172,3,109
chrUn_GL000220v1:157281-157297,0,0,0,0,7,0.655966892961086,7
chrUn_GL000220v1:157317-157438,6726,4372,3901,3280,8492,6839,3822
chrUn_GL000220v1:157440-157442,0.362343605369189,0.242092639678085,1,0.632866914564209,0.556103896004396,0.163991723240272,0.278202321240975
chrUn_GL000220v1:157444-157446,0.271757704026892,0.322790186237447,1,0.553758550243683,0.556103896004396,0.0819958616201358,0.55640464248195
chrUn_GL000220v1:157449-157566,277,395,473,450,252,203,403
chrUn_GL000220v1:157579-157784,431,477,616,479,980,389,713
chrUn_GL000220v1:157788-157825,13,15,19,9,123,23,63
chrUn_GL000220v1:157890-157926,6,11,11,2,249,39,118
chrUn_GL000220v1:157950-158002,7,10,30,4,120,7,63
chrUn_GL000220v1:158017-158100,83,133,200,54,496,80,310
chrUn_GL000220v1:158131-158180,16,47,36,16,251,9,126
chrUn_GL000220v1:158236-158304,100,278,198,59,1087,105,586
chrUn_GL000220v1:158353-158372,0,1,0.159336649441821,0.593312732403946,35,0.450977238910747,18
chrUn_GL000220v1:158376-158396,0,1,1,1,6,0,13
chrUn_GL000220v1:158399-158422,5,12,15,14,24,0,22
chrUn_GL000220v1:158448-158466,2,4,6,1,6,0.655966892961086,8
chrUn_GL000220v1:158470-158558,88,223,188,83,757,54,423
chrUn_GL000220v1:158563-158629,79,149,162,50,1052,111,527
chrUn_GL000220v1:158640-158701,155,214,276,205,283,98,256
chrUn_GL000220v1:158702-158707,3,2,2,0.791083643205261,0.278051948002198,0,0.278202321240975
chrUn_GL000220v1:158714-158756,27,50,118,37,109,10,101
chrUn_GL000220v1:158778-159031,577,1092,1250,1070,759,330,1148
chrUn_GL000220v1:159037-159097,157,115,136,151,3,4,10
chrUn_GL000220v1:159110-159435,1038,1786,2325,1704,2416,480,2408
chrUn_GL000220v1:159443-159475,9,19,17,24,21,0.696964823771154,24
chrUn_GL000220v1:159491-159500,1,0.726277919034256,2,0.711975278884735,5,0,4
chrUn_GL000220v1:159567-159949,1143,1742,1777,1286,1256,985,1623
chrUn_GL000220v1:159957-160303,2227,2879,2821,2330,1381,1664,2048
chrUn_GL000220v1:160413-160434,2,5,14,8,2,0,11
chrUn_GL000220v1:160440-160463,9,19,29,24,40,1,38
chrUn_GL000220v1:160510-160619,4490,5302,3404,3577,268,50,338
chrUn_GL000220v1:160622-160641,10,25,12,8,28,8,24
chrUn_GL000220v1:160661-160684,24,9,27,46,13,0.163991723240272,3
chrUn_GL000220v1:160691-160732,13,17,30,11,282,22,131
chrUn_GL000220v1:160801-160809,1,0.605231599195213,2,0.593312732403946,2,0.327983446480543,3
chrUn_GL000220v1:160811-160816,1,0.363138959517128,0.836517409569561,0.39554182160263,0.834155844006595,0.20498965405034,2
chrUn_GL000220v1:160827-160851,7,7,36,14,16,3,25
chrUn_GL000220v1:160885-161101,374,1032,1251,934,448,167,1091
chrUn_GL000220v1:161102-161347,1007,945,1118,902,641,288,488
chrUn_GL000220v1:161350-161627,547,1131,1412,347,3155,450,2095
chrUn_GL000220v1:161637-161672,25,20,30,20,9,2,7
chrUn_GL000220v1:161673-161791,204,161,226,169,27,10,32
Homo_sapiens_tRNA-Ala-AGC-1-1:0-18,2,9,12,6,0.166831168801319,0.737962754581222,6
Homo_sapiens_tRNA-Ala-AGC-11-1:0-20,3,14,7,2,5,7,10
Homo_sapiens_tRNA-Ala-AGC-2-1:0-32,15,35,12,3,628,705,517
Homo_sapiens_tRNA-Ala-AGC-3-1:0-32,15,35,12,3,628,705,517
Homo_sapiens_tRNA-Ala-AGC-4-1:0-31,108,211,133,61,283,239,237
Homo_sapiens_tRNA-Ala-AGC-5-1:0-32,15,35,12,3,628,705,517
Homo_sapiens_tRNA-Ala-AGC-7-1:0-32,15,35,12,3,628,705,517
Homo_sapiens_tRNA-Ala-AGC-8-1:0-23,8,21,13,4,19,18,19
Homo_sapiens_tRNA-Ala-CGC-1-1:0-31,108,211,133,61,283,239,237
Homo_sapiens_tRNA-Ala-CGC-2-1:0-31,108,211,133,61,283,239,237
Homo_sapiens_tRNA-Ala-CGC-3-1:0-31,106,209,133,59,279,232,231
Homo_sapiens_tRNA-Ala-CGC-4-1:0-32,15,35,12,3,631,705,518
Homo_sapiens_tRNA-Ala-TGC-1-1:0-32,0,1,1,0.711975278884735,18,64,48
Homo_sapiens_tRNA-Ala-TGC-2-1:0-32,110,211,134,62,283,240,237
Homo_sapiens_tRNA-Ala-TGC-3-1:0-32,110,211,134,62,283,240,237
Homo_sapiens_tRNA-Ala-TGC-4-1:0-32,110,211,134,62,283,240,237
Homo_sapiens_tRNA-Ala-TGC-5-1:0-32,0,1,1,0.711975278884735,18,64,48
Homo_sapiens_tRNA-Ala-TGC-6-1:0-32,0,0,0,0,24,35,23
Homo_sapiens_tRNA-Ala-TGC-7-1:0-32,0,1,1,0.711975278884735,18,64,48
Homo_sapiens_tRNA-Arg-TCT-1-1:0-33,0,1,0,0,66,21,40
Homo_sapiens_tRNA-Asn-GTT-2-1:43-57,6,7,5,3,0.278051948002198,1,0.973708124343413
Homo_sapiens_tRNA-Asn-GTT-3-1:47-57,5,5,4,2,0,0.819958616201358,0.695505803102438
Homo_sapiens_tRNA-Asp-GTC-1-1:0-36,15,36,18,13,11,45,35
Homo_sapiens_tRNA-Asp-GTC-1-1:37-71,41,48,43,25,15,4,11
Homo_sapiens_tRNA-Asp-GTC-2-1:0-72,321,414,331,156,88,81,103
Homo_sapiens_tRNA-Asp-GTC-2-10:0-72,321,414,331,156,88,81,103
Homo_sapiens_tRNA-Asp-GTC-2-11:0-72,321,414,331,156,88,81,103
Homo_sapiens_tRNA-Asp-GTC-3-1:36-72,182,222,208,98,55,16,43
Homo_sapiens_tRNA-Cys-GCA-10-1:0-32,44,57,8,1,1,1,0
Homo_sapiens_tRNA-Cys-GCA-13-1:0-32,44,57,8,1,1,1,0
Homo_sapiens_tRNA-Cys-GCA-14-1:0-32,44,57,8,1,1,1,0
Homo_sapiens_tRNA-Cys-GCA-15-1:0-32,44,57,8,1,1,1,0
Homo_sapiens_tRNA-Cys-GCA-19-1:0-32,44,57,8,1,1,1,0
Homo_sapiens_tRNA-Cys-GCA-2-1:0-33,99,109,98,42,6,3,8
Homo_sapiens_tRNA-Cys-GCA-4-1:0-33,99,109,98,42,6,3,8
Homo_sapiens_tRNA-Cys-GCA-8-1:0-32,44,57,8,1,1,1,0
Homo_sapiens_tRNA-Cys-GCA-9-1:0-32,44,57,8,1,1,1,0
Homo_sapiens_tRNA-Gln-CTG-1-1:0-44,38,18,12,6,54,46,11
Homo_sapiens_tRNA-Gln-CTG-2-1:0-34,36,17,8,3,50,45,8
Homo_sapiens_tRNA-Gln-CTG-2-1:36-44,2,1,2,1,5,1,2
Homo_sapiens_tRNA-Gln-CTG-5-1:0-34,33,15,3,0.830637825365524,47,44,5
Homo_sapiens_tRNA-Gln-TTG-1-1:15-30,7,8,1,1,4,1,2
Homo_sapiens_tRNA-Gln-TTG-2-1:14-30,7,10,2,2,4,2,2
Homo_sapiens_tRNA-Glu-CTC-1-1:0-72,109806,127644,88906,108028,303383,254264,231226
Homo_sapiens_tRNA-Glu-CTC-2-1:0-59,109790,127631,88893,108012,303356,254225,231198
Homo_sapiens_tRNA-Glu-TTC-1-1:0-35,4793,5087,4679,2614,132,249,439
Homo_sapiens_tRNA-Glu-TTC-14-1:0-36,3529,3831,2975,3333,17494,11765,11410
Homo_sapiens_tRNA-Glu-TTC-14-1:50-70,4,6,4,2,12,18,12
Homo_sapiens_tRNA-Glu-TTC-2-1:0-35,6799,6953,7453,5664,1622,2641,2657
Homo_sapiens_tRNA-Glu-TTC-2-1:39-72,32,38,38,16,8,12,11
Homo_sapiens_tRNA-Glu-TTC-3-1:0-36,3529,3831,2975,3333,17494,11765,11410
Homo_sapiens_tRNA-Glu-TTC-3-1:50-53,0,0,0.119502487081366,0,3,0.245987584860407,2
Homo_sapiens_tRNA-Glu-TTC-4-1:0-36,3529,3831,2975,3333,17494,11765,11410
Homo_sapiens_tRNA-Glu-TTC-4-1:37-70,8,9,12,3,31,24,25
Homo_sapiens_tRNA-Gly-CCC-1-1:0-52,731801,680306,706861,779183,354957,465007,444340
Homo_sapiens_tRNA-Gly-CCC-2-1:0-35,280,354,319,78,25,46,46
Homo_sapiens_tRNA-Gly-CCC-3-1:0-32,37,61,45,31,52,39,53
Homo_sapiens_tRNA-Gly-GCC-1-1:0-52,65986,68721,56496,54882,461236,718286,468166
Homo_sapiens_tRNA-Gly-GCC-2-1:0-54,745847,695658,721235,788968,353501,464404,445242
Homo_sapiens_tRNA-Gly-GCC-3-1:0-52,745839,695647,721231,788963,353508,464408,445247
Homo_sapiens_tRNA-Gly-GCC-5-1:0-36,745687,695510,721095,788795,353489,464392,445212
Homo_sapiens_tRNA-Gly-TCC-1-1:0-33,39,76,43,28,54,70,68
Homo_sapiens_tRNA-Gly-TCC-2-1:0-33,81,106,59,44,4,5,8
Homo_sapiens_tRNA-His-GTG-1-1:0-34,1504,1197,1043,747,1905,1367,933
Homo_sapiens_tRNA-Leu-AAG-1-1:0-16,4,6,6,2,2,3,3
Homo_sapiens_tRNA-Leu-AAG-2-1:0-16,4,6,6,2,2,3,3
Homo_sapiens_tRNA-Leu-AAG-3-1:0-16,4,6,6,2,2,3,3
Homo_sapiens_tRNA-Leu-CAA-6-1:0-16,14,14,15,3,12,6,5
Homo_sapiens_tRNA-Leu-CAG-1-1:0-24,53,81,65,20,67,53,51
Homo_sapiens_tRNA-Leu-CAG-2-1:0-24,53,81,65,20,67,53,51
Homo_sapiens_tRNA-Leu-TAG-1-1:0-16,4,6,6,2,2,3,3
Homo_sapiens_tRNA-Lys-CTT-1-1:0-40,527,648,378,165,333,467,256
Homo_sapiens_tRNA-Lys-CTT-11-1:10-31,30,36,2,2,1,1,0
Homo_sapiens_tRNA-Lys-CTT-2-1:0-34,1548,2264,1190,337,566,558,463
Homo_sapiens_tRNA-Lys-CTT-3-1:0-32,91,92,58,34,43,115,43
Homo_sapiens_tRNA-Lys-CTT-4-1:0-35,515,626,369,158,333,466,250
Homo_sapiens_tRNA-Lys-CTT-7-1:12-33,30,36,2,2,1,1,0
Homo_sapiens_tRNA-Lys-TTT-1-1:17-33,40,47,44,32,5,9,9
Homo_sapiens_tRNA-Lys-TTT-2-1:17-33,40,47,44,32,5,9,10
Homo_sapiens_tRNA-Lys-TTT-3-1:0-34,2015,2779,1694,1250,401,680,660
Homo_sapiens_tRNA-Lys-TTT-3-1:47-72,11,3,4,3,17,3,3
Homo_sapiens_tRNA-Lys-TTT-4-1:6-33,179,208,189,114,26,44,49
Homo_sapiens_tRNA-Lys-TTT-5-1:0-34,2015,2779,1694,1250,401,680,660
Homo_sapiens_tRNA-Lys-TTT-6-1:8-33,174,195,186,114,27,36,47
Homo_sapiens_tRNA-Pro-AGG-1-1:0-32,11,17,7,6,175,96,105
Homo_sapiens_tRNA-Pro-AGG-1-1:52-71,2,5,7,1,0.444883116803517,5,7
Homo_sapiens_tRNA-Pro-AGG-2-1:0-32,11,17,7,6,175,96,105
Homo_sapiens_tRNA-Pro-AGG-2-1:52-71,2,5,7,1,0.444883116803517,5,7
Homo_sapiens_tRNA-Pro-CGG-1-1:0-32,14,17,11,10,178,99,107
Homo_sapiens_tRNA-Pro-CGG-1-1:52-71,2,5,7,1,0.444883116803517,5,7
Homo_sapiens_tRNA-Pro-CGG-2-1:0-32,14,17,11,10,178,99,107
Homo_sapiens_tRNA-Pro-CGG-2-1:54-55,0.135878852013446,0.242092639678085,0.239004974162732,0.0791083643205261,0.111220779200879,0.20498965405034,0.765056383412682
Homo_sapiens_tRNA-Pro-TGG-1-1:16-32,0.407636556040338,0.645580372474894,1,1,5,16,10
Homo_sapiens_tRNA-Pro-TGG-1-1:52-71,2,5,7,1,0.444883116803517,5,7
Homo_sapiens_tRNA-Pro-TGG-2-1:0-32,5,8,4,2,84,28,45
Homo_sapiens_tRNA-Pro-TGG-2-1:54-55,0.135878852013446,0.242092639678085,0.278839136523187,0.0791083643205261,0.111220779200879,0.286985515670475,0.834606963722926
Homo_sapiens_tRNA-Pro-TGG-3-1:0-32,11,18,8,6,175,96,105
Homo_sapiens_tRNA-Pro-TGG-3-1:52-71,2,5,7,1,0.444883116803517,5,7
Homo_sapiens_tRNA-SeC-TCA-1-1:0-37,43,66,37,13,9,2,6
Homo_sapiens_tRNA-Ser-AGA-1-1:0-24,95,114,102,43,47,35,42
Homo_sapiens_tRNA-Ser-AGA-2-1:0-24,95,114,102,43,47,35,42
Homo_sapiens_tRNA-Ser-AGA-3-1:0-24,95,114,102,43,47,35,42
Homo_sapiens_tRNA-Ser-AGA-4-1:0-24,94,114,101,44,45,34,41
Homo_sapiens_tRNA-Ser-TGA-2-1:0-24,95,114,102,43,47,35,42
Homo_sapiens_tRNA-Ser-TGA-3-1:0-24,95,114,102,43,47,35,42
Homo_sapiens_tRNA-Ser-TGA-4-1:0-24,95,114,102,43,47,35,42
Homo_sapiens_tRNA-Thr-TGT-4-1:0-32,12,9,10,4,14,18,7
Homo_sapiens_tRNA-Thr-TGT-6-1:0-32,12,9,10,4,14,18,7
Homo_sapiens_tRNA-Val-AAC-1-1:0-33,18369,25939,15723,10687,217775,157112,133296
Homo_sapiens_tRNA-Val-AAC-2-1:0-33,124,203,117,45,2874,3450,2378
Homo_sapiens_tRNA-Val-AAC-3-1:0-33,18366,25938,15720,10683,217777,157113,133296
Homo_sapiens_tRNA-Val-AAC-4-1:0-33,18365,25937,15720,10683,217777,157113,133296
Homo_sapiens_tRNA-Val-AAC-5-1:0-33,51,90,64,28,209,159,137
Homo_sapiens_tRNA-Val-CAC-1-1:0-37,19205,27364,16587,11123,217893,157266,133387
Homo_sapiens_tRNA-Val-CAC-14-1:0-33,74,127,77,37,509,335,328
Homo_sapiens_tRNA-Val-CAC-2-1:0-34,572,933,554,181,35202,24088,22186
Homo_sapiens_tRNA-Val-CAC-3-1:0-33,31,36,38,12,947,1464,927
Homo_sapiens_tRNA-Val-CAC-4-1:0-37,19205,27364,16587,11123,217893,157266,133387
Homo_sapiens_tRNA-Val-CAC-5-1:0-37,19205,27364,16587,11123,217893,157266,133387
Homo_sapiens_tRNA-Val-CAC-6-1:0-33,2,4,0.796683247209106,0,65,45,31
Homo_sapiens_tRNA-Val-TAC-1-1:0-33,2,10,2,0,107,120,89
Homo_sapiens_tRNA-Val-TAC-2-1:1-30,5,10,8,2,11,11,11
Homo_sapiens_tRNA-Val-TAC-4-1:0-33,13,11,5,3,19,21,6
Homo_sapiens_tRNA-iMet-CAT-1-1:0-33,38,50,39,21,84,73,57
Homo_sapiens_tRNA-iMet-CAT-1-1:38-55,5,6,11,6,4,3,6
Homo_sapiens_tRNA-iMet-CAT-2-1:0-33,38,50,39,21,84,73,57
Homo_sapiens_tRNA-iMet-CAT-2-1:39-53,4,3,8,4,3,2,2
snoDB208:49-71,0,0,0.836517409569561,0,68,2,36
snoDB1113:2-18,1,0,0,0,15,5,6
snoDB1953:1-18,0.769980161409527,0.685929145754575,0.67718076012774,0,13,9,10
snoDB88:3-22,0,0,0,0,21,8,14
snoDB1944:49-66,0.769980161409527,0,0,0.672421096724472,7,7,7
snoDB218:0-80,2,6,4,0,182,73,100
snoDB1668:107-125,0,0,0.597512435406829,0,2,8,8
hsa-piR-1014:0-31,89,169,223,149,80,72,181
hsa-piR-1028:7-18,7,4,2,2,0.611714285604836,0,0
hsa-piR-1044:1-31,27330,26125,29269,29561,33060,51803,38831
hsa-piR-11119:0-22,92,76,99,91,9,10,17
hsa-piR-11120:0-22,182,139,205,212,22,28,41
hsa-piR-11121:0-23,82,62,75,90,863,540,562
hsa-piR-1118:2-21,12,6,4,6,0,0,0
hsa-piR-1119:1-31,43,27,17,11,0,0,0
hsa-piR-12390:2-19,8,8,6,6,2,0.655966892961086,2
hsa-piR-12655:0-29,1228,1124,1285,1387,1512,2119,1671
hsa-piR-1900:0-29,942,958,1065,935,1053,1655,1283
hsa-piR-1901:0-31,2943,3067,2888,2763,1525,1743,1801
hsa-piR-20101:5-26,3,2,4,15,4,2,11
hsa-piR-20474:0-29,107,111,106,86,24,22,33
hsa-piR-20918:1-25,95,114,102,43,45,35,42
hsa-piR-23019:1-26,329,348,313,203,25,0.98395033944163,21
hsa-piR-23020:2-26,24,26,27,20,2,0,2
hsa-piR-23041:1-30,84,82,74,62,1184,1577,1065
hsa-piR-23058:2-32,62,40,81,51,677,1562,882
hsa-piR-23127:0-31,972,1165,806,349,892,371,440
hsa-piR-23136:1-30,53,38,64,44,566,1426,781
hsa-piR-23358:0-22,10,14,27,7,17,10,20
hsa-piR-23413:0-17,15,17,14,8,19,6,10
hsa-piR-23444:9-30,29,28,2,1,1,1,0
hsa-piR-23832:0-18,0,0,0,0,22,16,19
hsa-piR-24541:0-31,1690,1628,1409,1240,29971,47632,29846
hsa-piR-24552:0-30,3,8,0,6,88,125,75
hsa-piR-24553:0-31,57,75,46,41,561,454,354
hsa-piR-24828:3-25,18,16,24,8,2,0,1
hsa-piR-25621:0-29,1599,1678,1604,1407,700,820,877
hsa-piR-25622:0-30,1644,1730,1659,1424,698,815,880
hsa-piR-25623:0-31,1662,1748,1678,1435,701,816,884
hsa-piR-25624:0-32,1697,1790,1720,1444,702,816,887
hsa-piR-25987:0-26,161,113,168,186,31,16,37
hsa-piR-26626:4-30,13,19,12,6,5,4,4
hsa-piR-26758:0-23,3,2,4,3,416,220,262
hsa-piR-26832:12-22,3,5,4,3,2,0.655966892961086,1
hsa-piR-27080:5-22,6,8,6,9,0,0,1
hsa-piR-27198:12-31,30,36,28,16,34,15,19
hsa-piR-27306:0-28,507,595,471,378,408,369,367
hsa-piR-27429:0-17,4,6,2,0.791083643205261,10,3,3
hsa-piR-27435:0-32,91,92,58,34,43,115,43
hsa-piR-27489:12-28,3,9,7,3,0.889766233607034,8,7
hsa-piR-27490:12-28,3,9,8,2,2,8,9
hsa-piR-27491:10-32,29,43,42,21,20,25,29
hsa-piR-28004:0-31,27379,26179,29317,29623,33101,51876,38890
hsa-piR-28060:0-22,18,17,19,14,9,2,7
hsa-piR-28061:0-27,35,38,26,26,23,4,12
hsa-piR-28062:0-27,47,48,38,31,22,3,12
hsa-piR-28063:0-29,233,251,198,108,16,3,15
hsa-piR-28085:6-29,22,24,27,20,4,3,5
hsa-piR-28247:0-24,106,208,131,60,268,221,224
hsa-piR-28263:0-23,8,21,12,4,18,16,18
hsa-piR-28264:0-31,5,7,4,3,53,51,40
hsa-piR-28265:0-32,8,14,6,3,338,507,325
hsa-piR-28269:0-18,3,9,12,6,0,0.737962754581222,3
hsa-piR-28270:0-18,3,9,12,6,0,0.737962754581222,3
hsa-piR-28271:0-18,3,9,12,7,0,0.737962754581222,3
hsa-piR-28276:0-30,1,0,0,0,40,42,18
hsa-piR-28277:0-31,2,11,5,0,293,430,264
hsa-piR-28278:0-32,15,35,12,3,628,705,517
hsa-piR-28351:1-28,36,27,38,33,2,3,4
hsa-piR-28735:0-19,0,0,0,0,20,8,14
hsa-piR-28736:0-19,0,0,0,0,20,8,14
hsa-piR-28737:0-19,0,0,0,0,20,8,14
hsa-piR-28738:0-19,0,0,0,0,20,8,14
hsa-piR-28764:0-23,3,3,5,0.90974618968605,10,11,7
hsa-piR-28765:0-32,19,36,14,6,1397,2636,1529
hsa-piR-3185:1-29,44,38,54,37,17,5,13
hsa-piR-32157:0-24,285,286,284,176,17,0.98395033944163,17
hsa-piR-32158:1-26,327,345,313,200,25,0.98395033944163,21
hsa-piR-32166:0-25,320,335,307,193,24,0.98395033944163,20
hsa-piR-32181:0-25,322,338,307,196,24,0.98395033944163,20
hsa-piR-32185:3-23,9,8,11,9,2,0,2
hsa-piR-32194:3-25,14,14,15,13,2,0,2
hsa-piR-32234:4-24,10,9,11,9,2,0,2
hsa-piR-32237:2-25,20,21,23,17,2,0,2
hsa-piR-32831:0-28,1780,1873,1564,759,1899,912,961
hsa-piR-32835:0-24,75,71,69,64,2,4,6
hsa-piR-32836:0-24,66,54,66,75,3,6,9
hsa-piR-32837:0-26,164,122,152,155,16,3,18
hsa-piR-32838:0-26,6328,5343,6395,4768,74,12,160
hsa-piR-32839:0-27,6347,5373,6415,4793,78,12,164
hsa-piR-32845:4-31,6356,5378,6422,4800,78,12,164
hsa-piR-32847:0-26,8,8,4,8,492,322,320
hsa-piR-32852:1-29,6442,5486,6521,4863,80,15,179
hsa-piR-32874:6-31,61,55,73,40,0,7,4
hsa-piR-32885:2-28,162,112,167,186,30,15,36
hsa-piR-32887:0-28,68,52,68,60,3,2,7
hsa-piR-32895:2-30,55,61,55,35,6,10,12
hsa-piR-32899:4-20,9,5,2,5,0.889766233607034,1,0
hsa-piR-32900:6-29,108,205,130,59,265,216,218
hsa-piR-32902:1-25,19,24,43,7,77,69,70
hsa-piR-32905:8-26,4,4,7,1,61,117,73
hsa-piR-32913:0-28,1780,1873,1564,759,1899,912,961
hsa-piR-32914:0-19,8,12,7,4,95,175,109
hsa-piR-32915:0-24,51,12,28,37,0,0,0
hsa-piR-32940:0-31,17,27,14,14,76,70,55
hsa-piR-32941:12-29,15,32,23,4,181,95,117
hsa-piR-32946:0-30,43,27,17,11,0,0,0
hsa-piR-32952:3-29,142,97,153,93,129,22,53
hsa-piR-32956:0-25,61,55,73,40,0,7,4
hsa-piR-32957:0-17,163,155,156,125,4,5,13
hsa-piR-32972:0-22,51,80,64,19,67,51,49
hsa-piR-32987:1-31,82,65,93,64,28,13,27
hsa-piR-32988:2-29,299,533,599,120,710,648,746
hsa-piR-32989:3-20,1,1,1,2,8,1,9
hsa-piR-32994:6-26,23,26,2,1,1,1,0
hsa-piR-32997:3-26,54,37,54,69,13,3,11
hsa-piR-33000:4-18,1,2,0,0,0,4,4
hsa-piR-33004:4-25,9,8,15,5,2,0.860956547011426,2
hsa-piR-33006:0-30,24,28,29,18,45,86,56
hsa-piR-33007:4-30,10,16,12,6,44,123,67
hsa-piR-33009:2-26,33,64,86,33,64,18,76
hsa-piR-33013:1-29,105962,91838,94419,73437,384,135,1537
hsa-piR-33018:1-23,36,29,38,30,5,1,6
hsa-piR-33019:11-29,59,65,83,32,209,178,168
hsa-piR-33026:2-29,45,96,61,16,157,168,157
hsa-piR-33031:0-27,1744,1843,1543,740,1837,878,935
hsa-piR-33036:0-24,9,25,28,24,7,7,23
hsa-piR-33046:5-29,59,53,68,37,0,6,3
hsa-piR-33074:1-26,61,55,73,40,0,7,4
hsa-piR-33112:16-34,13,15,12,12,2,0,2
hsa-piR-33114:5-31,10,16,12,6,44,123,67
hsa-piR-33120:1-28,0,0,0,0,49,15,33
hsa-piR-33142:1-23,5,5,9,3,677,221,356
hsa-piR-33160:3-18,0,0,0,0,9,3,7
hsa-piR-33168:1-34,16,25,38,60,10,13,44
hsa-piR-33175:0-18,2,2,3,1,263,163,173
hsa-piR-33195:4-24,17,25,17,29,33,12,28
hsa-piR-414:3-20,8,11,6,6,2,0.655966892961086,2
hsa-piR-432:6-26,153,142,118,107,158,124,106
hsa-piR-5746:0-25,10,17,13,3,53,70,52
hsa-piR-5747:0-31,1684,1622,1404,1236,29805,47524,29742
hsa-piR-5748:0-31,1686,1625,1410,1237,29810,47532,29747
hsa-piR-6960:2-30,51,67,30,21,22,3,10
hsa-piR-8871:7-26,18,9,11,5,0,0,0
hsa-let-7a-5p:0-22,182,138,202,211,21,27,41
hsa-let-7b-5p:0-22,840,767,1024,1107,452,368,559
hsa-let-7c-5p:0-22,81,61,74,89,850,515,548
hsa-let-7d-5p:0-22,13,11,17,13,0,4,3
hsa-let-7e-5p:0-22,26,20,33,26,0,0,1
hsa-let-7f-5p:0-22,92,76,98,91,9,10,17
hsa-miR-16-5p:0-22,11,22,32,17,14,7,25
hsa-miR-21-5p:0-22,114,109,130,111,13,10,20
hsa-miR-22-3p:0-22,239,224,210,180,3,8,15
hsa-miR-23a-3p:0-18,8,9,11,7,3,0,2
hsa-miR-24-3p:0-22,254,216,275,222,7,0,6
hsa-miR-25-3p:0-22,27,24,45,32,28,20,31
hsa-miR-26a-5p:0-22,277,252,308,250,26,46,60
hsa-miR-26b-5p:0-21,15,12,20,13,0,2,2
hsa-miR-27a-3p:0-20,14,11,19,15,0,0,1
hsa-miR-28-3p:0-22,12,20,17,28,13,8,22
hsa-miR-30a-5p:0-20,45,10,25,20,0,0.819958616201358,0
hsa-miR-30a-3p:0-22,27,3,14,16,1,0,0
hsa-miR-92a-3p:0-22,329,441,333,204,117,98,126
hsa-miR-93-5p:0-23,5,8,8,18,3,4,12
hsa-miR-98-5p:0-21,10,8,14,14,4,0.860956547011426,4
hsa-miR-100-5p:0-22,114,26,53,64,0,0,0
hsa-miR-103a-3p:0-23,20,23,81,32,16,12,29
hsa-miR-107:0-21,8,16,70,18,11,9,32
hsa-miR-192-5p:0-21,14,10,13,16,3,0.860956547011426,2
hsa-miR-148a-3p:0-22,99,205,196,182,111,60,202
hsa-miR-30d-5p:0-20,7,17,15,17,3,0.819958616201358,9
hsa-miR-7-5p:0-24,161,139,140,116,1,0.98395033944163,2
hsa-miR-10a-5p:0-22,16,17,12,19,4,7,7
hsa-miR-10b-5p:0-22,200,100,154,227,1,1,4
hsa-miR-181a-5p:0-23,64,65,56,55,2,4,6
hsa-miR-181b-5p:0-23,29,26,31,33,3,5,7
hsa-miR-182-5p:0-24,135,97,146,150,27,15,33
hsa-miR-183-5p:0-22,29,16,31,39,6,0,3
hsa-miR-203a-3p:0-22,24,29,25,32,6,7,8
hsa-miR-205-5p:0-22,523,168,258,175,0,0,0
hsa-miR-221-3p:0-23,395,302,386,401,7,11,26
hsa-let-7g-5p:0-22,9,28,33,28,6,8,24
hsa-let-7i-5p:0-22,76,70,81,79,13,13,20
hsa-miR-27b-3p:0-21,49,46,46,46,0,6,4
hsa-miR-128-3p:0-21,3,5,14,3,5,2,10
hsa-miR-138-5p:5-20,4,4,10,4,0,0,0
hsa-miR-141-3p:0-21,70,51,82,75,33,26,33
hsa-miR-143-3p:0-20,41,13,26,12,0,0,0
hsa-miR-191-5p:0-23,60,120,120,168,51,43,139
hsa-miR-125a-5p:0-22,16,11,17,11,2,0.901954477821494,2
hsa-miR-127-3p:0-22,73,19,23,58,0,0,0
hsa-miR-146a-5p:0-22,36,10,17,24,0,0,0
hsa-miR-186-5p:0-22,21,39,41,42,21,14,41
hsa-miR-320a-3p:0-22,537,377,491,637,29,34,69
hsa-miR-200c-3p:0-23,36,71,87,63,32,23,79
hsa-miR-155-5p:0-23,11,8,12,14,0,0,0
hsa-miR-106b-3p:0-19,2,2,7,7,2,6,7
hsa-miR-200a-3p:0-21,20,27,26,27,8,8,12
hsa-miR-99b-5p:0-22,42,32,49,41,14,6,13
hsa-miR-130b-3p:0-20,4,6,6,9,2,4,6
hsa-miR-375-3p:0-22,120,53,43,39,0,0,0
hsa-miR-378a-3p:0-22,68,128,119,155,32,45,98
hsa-miR-151a-3p:0-21,48,42,52,53,13,5,13
hsa-miR-345-5p:0-21,2,8,1,5,2,3,8
hsa-miR-423-5p:0-23,83,96,92,69,26,28,34
hsa-miR-423-3p:0-23,58,58,70,43,17,11,19
hsa-miR-425-5p:0-22,10,10,13,14,13,13,18
hsa-miR-409-3p:0-22,20,7,17,11,0,0,0
hsa-miR-486-5p:0-22,45,48,66,29,12,16,15
hsa-miR-432-5p:0-23,42,9,16,27,0,0,0
hsa-miR-92b-3p:0-22,76,50,67,83,7,1,8
hsa-miR-584-5p:0-21,17,7,8,11,0,0,0
hsa-miR-320b:0-20,38,29,35,50,6,3,8
hsa-miR-769-5p:0-22,0.99644491476527,0.887673012152979,1,6,6,15,12
hsa-miR-744-5p:0-21,2,10,6,9,2,0,5
hsa-miR-1307-3p:1-22,0.951151964094122,3,2,1,24,3,14
hsa-miR-103b:0-23,20,23,81,32,16,12,29
hsa-miR-3074-5p:0-20,20,17,24,19,3,0,2
hsa-miR-3182:0-16,0,0,0,0,13,11,5
hsa-miR-3184-5p:5-21,3,3,6,3,2,3,5
hsa-miR-3184-3p:0-23,83,96,92,69,26,28,34
hsa-miR-4516:0-17,0.769980161409527,8,7,3,5,0,7
hsa-miR-203b-5p:5-21,12,14,8,13,2,2,3
hsa-miR-3529-3p:0-24,161,139,140,116,1,0.98395033944163,2
hsa-miR-12136:0-18,7,9,2,11,34,57,43
